Workbook

Sheet final
A1: Entity | B1: Primary energy consumption per capita | C1: Value_co2_emissions_kt_by_country | D1: Electricity from fossil fuels | E1: Electricity from renewables | F1: Low-carbon electricity | G1: Density | H1: Access to electricity | I1: Renewables | J1: gdp_growth | K1: gdp_per_capita | L1: Energy imports
A2: Algeria | B2: 16259.053 | C2: 171250 | D2: 75.85 | E2: 0.84 | F2: 1.0953188 | G2: 18 | H2: 99.5 | I2: 0.29474697 | J2: 1 | K2: 3989.6683 | L2: -133.35275
A3: Argentina | B3: 20725.168 | C3: 168100.01 | D3: 90.56 | E3: 34.63 | F3: 31.991589 | G3: 17 | H3: 100 | I3: 11.926772 | J3: -2.0259342 | K3: 10056.638 | L3: 2.4916771
A4: Australia | B4: 66263.54 | C4: 386530 | D4: 196.45 | E4: 53.41 | F4: 21.37597 | G4: 3 | H4: 100 | I4: 8.880722 | J4: 2.1131494 | K4: 54875.286 | L4: -230.54025
A5: Austria | B5: 48314.258 | C5: 64769.997 | D5: 16.22 | E5: 54.64 | F5: 77.109795 | G5: 109 | H5: 100 | I5: 35.611378 | J5: 1.4912109 | K5: 50114.401 | L5: 74.476282
A6: Azerbaijan | B6: 17546.781 | C6: 35509.998 | D6: 22.91 | E6: 1.69 | F6: 6.869919 | G6: 123 | H6: 100 | I6: 2.674584 | J6: 2.5 | K6: 4805.7537 | L6: -274.41746
A7: Bangladesh | B7: 2916.3176 | C7: 90739.998 | D7: 78.37 | E7: 1.14 | F7: 1.4337819 | G7: 1265 | H7: 92.2 | I7: 0.6751287 | J7: 8.1526841 | K7: 1855.7401 | L7: 30.297494
A8: Belarus | B8: 31923.436 | C8: 57669.998 | D8: 36.74 | E8: 0.94 | F8: 2.494692 | G8: 47 | H8: 100 | I8: 0.70776963 | J8: 1.4 | K8: 6837.7178 | L8: 85.255535
A9: Belgium | B9: 64152.26 | C9: 93010.002 | D9: 29.32 | E9: 19.47 | F9: 68.237465 | G9: 383 | H9: 100 | I9: 7.959382 | J9: 2.1495597 | K9: 46591.492 | L9: 90.930226
A10: Brazil | B10: 16681.945 | C10: 434299.99 | D10: 90.91 | E10: 512.59 | F10: 85.30534 | G10: 25 | H10: 99.8 | I10: 47.304844 | J10: 1.411153 | K10: 8897.553 | L10: -4.0596361
A11: Bulgaria | B11: 29996.027 | C11: 39139.999 | D11: 19.75 | E11: 7.49 | F11: 54.908676 | G11: 64 | H11: 100 | I11: 9.948385 | J11: 4.0375921 | K11: 9879.2685 | L11: 39.323183
A12: Canada | B12: 107980.76 | C12: 580210.02 | D12: 110.65 | E12: 421.8 | F12: 82.378334 | G12: 4 | H12: 100 | I12: 28.586376 | J12: 1.879592 | K12: 46338.341 | L12: -75.769176
A13: Chile | B13: 24894.514 | C13: 91370.003 | D13: 45.16 | E13: 32.23 | F13: 41.64621 | G13: 26 | H13: 100 | I13: 24.144995 | J13: 0.94200531 | K13: 14741.714 | L13: 69.225887
... A64: Uzbekistan | B64: 16212.221 | C64: 116710 | D64: 53.64 | E64: 6.47 | F64: 10.7636 | G64: 79 | H64: 100 | I64: 3.1970327 | J64: 5.7096322 | K64: 1784.0098 | L64: -19.679857

Sheet disp_for_r
A1: Value_co2_emissions_kt_by_country | B1: Density
A2: 386530 | B2: 3-31
A3: 580210.02 | B3: 3-31
A4: 212110 | B4: 3-31
A5: 35950.001 | B5: 3-31
A6: 76029.999 | B6: 3-31
A7: 523780.03 | B7: 3-31
A8: 168100.01 | B8: 3-31
A9: 171250 | B9: 3-31
A10: 40709.999 | B10: 3-31
A11: 34009.998 | B11: 3-31
A12: 434299.99 | B12: 3-31
A13: 35000 | B13: 3-31
... A64: 47380.001 | B64: 219-8358

Sheet disp_res
A1: Однофакторный дисперсионный анализ
A3: ИТОГИ
A4: Группы | B4: Счет | C4: Сумма | D4: Среднее | E4: Дисперсия
A5: 3-31 | B5: 16 | C5: 2863850 | D5: 178990.63 | E5: 3.7455036e+10
A6: 36-93 | B6: 16 | C6: 6593550.2 | D6: 412096.89 | E6: 1.3990955e+12
A7: 94-206 | B7: 15 | C7: 13423750 | D7: 894916.65 | E7: 7.3952202e+12
A8: 219-8358 | B8: 16 | C8: 5568980 | D8: 348061.25 | E8: 3.9596909e+11
A11: Дисперсионный анализ
A12: Источник вариации | B12: SS | C12: df | D12: MS | E12: F | F12: P-Значение | G12: F критическое
A13: Между группами | B13: 4.333491e+12 | C13: 3 | D13: 1.444497e+12 | E13: 0.65047132 | F13: 0.58580662 | G13: 2.760767
A14: Внутри групп | B14: 1.3102088e+14 | C14: 59 | D14: 2.2206928e+12
A16: Итого | B16: 1.3535437e+14 | C16: 62

Sheet for_disp
A1: 3-31 | B1: 36-93 | C1: 94-206 | D1: 219-8358
A2: 386530 | B2: 4817720.2 | C2: 239980 | D2: 37380.001
A3: 580210.02 | B3: 11730 | C3: 253270 | D3: 657400.02
A4: 212110 | B4: 81040.001 | C4: 13600 | D4: 92650.002
A5: 35950.001 | B5: 57669.998 | C5: 46380.001 | D5: 9489.9998
A6: 76029.999 | B6: 439640.01 | C6: 64769.997 | D6: 91970.001
A7: 523780.03 | B7: 39139.999 | C7: 44639.999 | D7: 17190.001
A8: 168100.01 | B8: 449269.99 | C8: 188860 | D8: 348920.01
A9: 171250 | B9: 39290.001 | C9: 300519.99 | D9: 190570.01
A10: 40709.999 | B10: 16520 | C10: 35509.998 | D10: 1081569.9
A11: 34009.998 | B11: 35750 | C11: 295130 | D11: 145420
A12: 434299.99 | B12: 174730 | C12: 29700.001 | D12: 93010.002
A13: 35000 | B13: 116710 | C13: 267090 | D13: 62650.002
... A16: 7570.0002 | B16: 8300.0002 | C16: 317239.99 | D16: 90739.998
A17: 10180 | B17: 174560 | D17: 47380.001

Sheet energy
A1: Entity | B1: Year | C1: Primary energy consumption per capita (kWh/person) | D1: Value_co2_emissions_kt_by_country | E1: Electricity from fossil fuels (TWh) | F1: Electricity from nuclear (TWh) | G1: Electricity from renewables (TWh) | H1: Low-carbon electricity (% electricity) | I1: Renewable-electricity-generating-capacity-per-capita | J1: Renewable energy share in the total final energy consumption (%) | K1: Density\n(P/Km2) | L1: Access to electricity (% of population) | M1: Access to clean fuels for cooking | N1: Renewables (% equivalent primary energy) | O1: Financial flows to developing countries (US $) | P1: gdp_growth | Q1: gdp_per_capita | R1: Energy intensity level of primary energy (MJ/$2017 PPP GDP) | S1: Land Area(Km2) | T1: Latitude | U1: Longitude | V1: Energy imports, net (% of energy use)
A2: Afghanistan | B2: 2000 | C2: 302.59482 | D2: 760 | E2: 0.16 | F2: 0 | G2: 0.31 | H2: 65.95744 | I2: 9.22 | J2: 44.99 | K2: 60 | L2: 1.613591 | M2: 6.2 | O2: 20000 | R2: 1.64 | S2: 652230 | T2: 33.93911 | U2: 67.709953
A3: Afghanistan | B3: 2001 | C3: 236.89185 | D3: 730 | E3: 0.09 | F3: 0 | G3: 0.5 | H3: 84.745766 | I3: 8.86 | J3: 45.6 | K3: 60 | L3: 4.074574 | M3: 7.2 | O3: 130000 | R3: 1.74 | S3: 652230 | T3: 33.93911 | U3: 67.709953
A4: Afghanistan | B4: 2002 | C4: 210.86215 | D4: 1030 | E4: 0.13 | F4: 0 | G4: 0.56 | H4: 81.159424 | I4: 8.47 | J4: 37.83 | K4: 60 | L4: 9.409158 | M4: 8.2 | O4: 3950000 | Q4: 179.42658 | R4: 1.4 | S4: 652230 | T4: 33.93911 | U4: 67.709953
A5: Afghanistan | B5: 2003 | C5: 229.96822 | D5: 1220 | E5: 0.31 | F5: 0 | G5: 0.63 | H5: 67.02128 | I5: 8.09 | J5: 36.66 | K5: 60 | L5: 14.738506 | M5: 9.5 | O5: 25970000 | P5: 8.8322778 | Q5: 190.68381 | R5: 1.4 | S5: 652230 | T5: 33.93911 | U5: 67.709953
A6: Afghanistan | B6: 2004 | C6: 204.23125 | D6: 1030 | E6: 0.33 | F6: 0 | G6: 0.56 | H6: 62.92135 | I6: 7.75 | J6: 44.24 | K6: 60 | L6: 20.064968 | M6: 10.9 | P6: 1.414118 | Q6: 211.38207 | R6: 1.2 | S6: 652230 | T6: 33.93911 | U6: 67.709953
A7: Afghanistan | B7: 2005 | C7: 252.06912 | D7: 1550 | E7: 0.34 | F7: 0 | G7: 0.59 | H7: 63.440857 | I7: 7.51 | J7: 33.88 | K7: 60 | L7: 25.390894 | M7: 12.2 | O7: 9830000 | P7: 11.229715 | Q7: 242.03131 | R7: 1.41 | S7: 652230 | T7: 33.93911 | U7: 67.709953
A8: Afghanistan | B8: 2006 | C8: 304.4209 | D8: 1760 | E8: 0.2 | F8: 0 | G8: 0.64 | H8: 76.190475 | I8: 7.4 | J8: 31.89 | K8: 60 | L8: 30.71869 | M8: 13.85 | O8: 10620000 | P8: 5.3574033 | Q8: 263.7336 | R8: 1.5 | S8: 652230 | T8: 33.93911 | U8: 67.709953
A9: Afghanistan | B9: 2007 | C9: 354.2799 | D9: 1770 | E9: 0.2 | F9: 0 | G9: 0.75 | H9: 78.94737 | I9: 7.25 | J9: 28.78 | K9: 60 | L9: 36.05101 | M9: 15.3 | O9: 15750000 | P9: 13.82632 | Q9: 359.69316 | R9: 1.53 | S9: 652230 | T9: 33.93911 | U9: 67.709953
A10: Afghanistan | B10: 2008 | C10: 607.8335 | D10: 3559.9999 | E10: 0.19 | F10: 0 | G10: 0.54 | H10: 73.9726 | I10: 7.49 | J10: 21.17 | K10: 60 | L10: 42.4 | M10: 16.7 | O10: 16170000 | P10: 3.9249838 | Q10: 364.66354 | R10: 1.94 | S10: 652230 | T10: 33.93911 | U10: 67.709953
A11: Afghanistan | B11: 2009 | C11: 975.04816 | D11: 4880.0001 | E11: 0.16 | F11: 0 | G11: 0.78 | H11: 82.97872 | I11: 7.5 | J11: 16.53 | K11: 60 | L11: 46.74005 | M11: 18.4 | O11: 9960000 | P11: 21.390528 | Q11: 437.26874 | R11: 2.25 | S11: 652230 | T11: 33.93911 | U11: 67.709953
A12: Afghanistan | B12: 2010 | C12: 1182.892 | D12: 7110.0001 | E12: 0.19 | F12: 0 | G12: 0.75 | H12: 79.78723 | I12: 8.27 | J12: 15.15 | K12: 60 | L12: 42.7 | M12: 20 | O12: 36500000 | P12: 14.362441 | Q12: 543.30653 | R12: 2.46 | S12: 652230 | T12: 33.93911 | U12: 67.709953
A13: Afghanistan | B13: 2011 | C13: 1436.1143 | D13: 8930.0003 | E13: 0.18 | F13: 0 | G13: 0.6 | H13: 76.92309 | I13: 8.13 | J13: 12.61 | K13: 60 | L13: 43.22202 | M13: 21.8 | O13: 28690000 | P13: 0.42635479 | Q13: 591.19003 | R13: 3.23 | S13: 652230 | T13: 33.93911 | U13: 67.709953
A14: Afghanistan | B14: 2012 | C14: 1324.1211 | D14: 8079.9999 | E14: 0.14 | F14: 0 | G14: 0.74 | H14: 84.09091 | I14: 9.29 | J14: 15.36 | K14: 60 | L14: 69.1 | M14: 23 | O14: 62630000 | P14: 12.752287 | Q14: 638.84585 | R14: 2.61 | S14: 652230 | T14: 33.93911 | U14: 67.709953
A15: Afghanistan | B15: 2013 | C15: 1060.7926 | D15: 5989.9998 | E15: 0.22 | F15: 0 | G15: 0.89 | H15: 80.180176 | I15: 9.1 | J15: 16.86 | K15: 60 | L15: 68.29065 | M15: 24.8 | O15: 268460000 | P15: 5.6007447 | Q15: 624.31545 | R15: 2.46 | S15: 652230 | T15: 33.93911 | U15: 67.709953
A16: Afghanistan | B16: 2014 | C16: 868.5762 | D16: 4880.0001 | E16: 0.16 | F16: 0 | G16: 1 | H16: 86.2069 | I16: 8.95 | J16: 18.93 | K16: 60 | L16: 89.5 | M16: 26.1 | O16: 6940000 | P16: 2.7245434 | Q16: 614.22334 | R16: 2.25 | S16: 652230 | T16: 33.93911 | U16: 67.709953
A17: Afghanistan | B17: 2015 | C17: 970.0803 | D17: 5949.9998 | E17: 0.15 | F17: 0 | G17: 1.03 | H17: 87.28814 | I17: 8.79 | J17: 17.53 | K17: 60 | L17: 71.5 | M17: 27.4 | O17: 4890000 | P17: 1.4513147 | Q17: 556.00722 | R17: 2.37 | S17: 652230 | T17: 33.93911 | U17: 67.709953
A18: Afghanistan | B18: 2016 | C18: 862.79114 | D18: 5300.0002 | E18: 0.15 | F18: 0 | G18: 1.06 | H18: 87.603294 | I18: 9.87 | J18: 19.92 | K18: 60 | L18: 97.7 | M18: 28.6 | O18: 860000 | P18: 2.2603142 | Q18: 512.01278 | R18: 2.24 | S18: 652230 | T18: 33.93911 | U18: 67.709953
... A21: Afghanistan | B21: 2019 | C21: 802.61255 | D21: 6079.9999 | E21: 0.18 | F21: 0 | G21: 0.89 | H21: 83.17757 | I21: 9.58 | J21: 18.51 | K21: 60 | L21: 97.7 | M21: 31.9 | O21: 4620000 | P21: 3.9116034 | Q21: 494.17935 | R21: 2.41 | S21: 652230 | T21: 33.93911 | U21: 67.709953
A22: Afghanistan | B22: 2020 | C22: 702.888 | E22: 0.12 | F22: 0 | G22: 0.68 | H22: 85 | I22: 9.35 | K22: 60 | L22: 97.7 | M22: 33.2 | P22: -2.3511007 | Q22: 516.74787 | S22: 652230 | T22: 33.93911 | U22: 67.709953
A23: Albania | B23: 2000 | C23: 9029.4375 | D23: 3170 | E23: 0.14 | F23: 0 | G23: 4.55 | H23: 97.01493 | K23: 105 | L23: 100 | M23: 38.2 | P23: 6.9462166 | Q23: 1126.6833 | R23: 4.13 | S23: 28748 | T23: 41.153332 | U23: 20.168331
A24: Albania | B24: 2001 | C24: 8635.532 | D24: 3230 | E24: 0.13 | F24: 0 | G24: 3.52 | H24: 96.438354 | K24: 105 | L24: 100 | M24: 40.5 | P24: 8.2933126 | Q24: 1281.6598 | R24: 3.89 | S24: 28748 | T24: 41.153332 | U24: 20.168331
A25: Albania | B25: 2002 | C25: 9443.555 | D25: 3760 | E25: 0.16 | F25: 0 | G25: 3.48 | H25: 95.60439 | K25: 105 | L25: 100 | M25: 43.2 | P25: 4.5365242 | Q25: 1425.1242 | R25: 4.1 | S25: 28748 | T25: 41.153332 | U25: 20.168331
A26: Albania | B26: 2003 | C26: 10756.612 | D26: 4070.0002 | E26: 0.1 | F26: 0 | G26: 5.12 | H26: 98.0843 | K26: 105 | L26: 100 | M26: 46.4 | P26: 5.5286375 | Q26: 1846.1201 | R26: 3.8 | S26: 28748 | T26: 41.153332 | U26: 20.168331
A27: Albania | B27: 2004 | C27: 11586.951 | D27: 4250 | E27: 0.13 | F27: 0 | G27: 5.41 | H27: 97.65343 | K27: 105 | L27: 100 | M27: 49 | P27: 5.5146679 | Q27: 2373.5813 | R27: 3.96 | S27: 28748 | T27: 41.153332 | U27: 20.168331
A28: Albania | B28: 2005 | C28: 11545.616 | D28: 4030.0002 | E28: 0.07 | F28: 0 | G28: 5.32 | H28: 98.7013 | K28: 105 | L28: 100 | M28: 51.9 | P28: 5.5264242 | Q28: 2673.7866 | R28: 3.75 | S28: 28748 | T28: 41.153332 | U28: 20.168331
A29: Albania | B29: 2006 | C29: 10976.728 | D29: 4010.0002 | E29: 0.09 | F29: 0 | G29: 4.95 | H29: 98.21428 | K29: 105 | L29: 100 | M29: 54.8 | P29: 5.902659 | Q29: 2972.7429 | R29: 3.46 | S29: 28748 | T29: 41.153332 | U29: 20.168331
A30: Albania | B30: 2007 | C30: 9534.874 | D30: 4139.9999 | E30: 0.07 | F30: 0 | G30: 2.76 | H30: 97.526505 | K30: 105 | L30: 100 | M30: 58.1 | P30: 5.9832595 | Q30: 3595.0381 | R30: 3.12 | S30: 28748 | T30: 41.153332 | U30: 20.168331
A31: Albania | B31: 2008 | C31: 10499.328 | D31: 4079.9999 | E31: 0.07 | F31: 0 | G31: 3.76 | H31: 98.172325 | K31: 105 | L31: 100 | M31: 60.8 | P31: 7.5000414 | Q31: 4370.5399 | R31: 3.01 | S31: 28748 | T31: 41.153332 | U31: 20.168331
A32: Albania | B32: 2009 | C32: 11524.428 | D32: 4219.9998 | E32: 0 | F32: 0 | G32: 5.2 | H32: 100 | K32: 105 | L32: 100 | M32: 63.6 | P32: 3.3542894 | Q32: 4114.1349 | R32: 2.98 | S32: 28748 | T32: 41.153332 | U32: 20.168331
A33: Albania | B33: 2010 | C33: 12377.504 | D33: 4449.9998 | E33: 0 | F33: 0 | G33: 7.49 | H33: 100 | K33: 105 | L33: 100 | M33: 66.5 | P33: 3.7069382 | Q33: 4094.3484 | R33: 2.85 | S33: 28748 | T33: 41.153332 | U33: 20.168331
A34: Albania | B34: 2011 | C34: 10854.649 | D34: 4849.9999 | E34: 0.06 | F34: 0 | G34: 4.09 | H34: 98.554214 | K34: 105 | L34: 100 | M34: 68.9 | P34: 2.5454061 | Q34: 4437.1426 | R34: 2.91 | S34: 28748 | T34: 41.153332 | U34: 20.168331
... A42: Albania | B42: 2019 | C42: 11585.555 | D42: 4829.9999 | E42: 0 | F42: 0 | G42: 5.17 | H42: 100 | K42: 105 | L42: 100 | M42: 80.7 | P42: 2.11342 | Q42: 5395.6595 | R42: 2.5 | S42: 28748 | T42: 41.153332 | U42: 20.168331
A43: Albania | B43: 2020 | C43: 11158.003 | E43: 0 | F43: 0 | G43: 5.31 | H43: 100 | K43: 105 | L43: 100 | M43: 81.3 | P43: -3.9553979 | Q43: 5246.2923 | S43: 28748 | T43: 41.153332 | U43: 20.168331
A44: Algeria | B44: 2000 | C44: 9746.524 | D44: 80050 | E44: 23.84 | F44: 0 | G44: 0.05 | H44: 0.20929259 | I44: 8.91 | J44: 0.43 | K44: 18 | L44: 98.9731 | M44: 97.1 | N44: 0.053235482 | P44: 3.8 | Q44: 1765.0271 | R44: 4.18 | S44: 2381741 | T44: 28.033886 | U44: 1.659626
A45: Algeria | B45: 2001 | C45: 9961.64 | D45: 78650 | E45: 24.96 | F45: 0 | G45: 0.07 | H45: 0.2796644 | I45: 8.79 | J45: 0.43 | K45: 18 | L45: 98.96687 | M45: 97.3 | N45: 0.065218486 | O45: 810000 | P45: 3 | Q45: 1740.6067 | R45: 4.07 | S45: 2381741 | T45: 28.033886 | U45: 1.659626
A46: Algeria | B46: 2002 | C46: 10180.35 | D46: 82400.002 | E46: 25.94 | F46: 0 | G46: 0.06 | H46: 0.23076923 | I46: 8.68 | J46: 0.51 | K46: 18 | L46: 98.95306 | M46: 97.8 | N46: 0.05167677 | O46: 310000 | P46: 5.6 | Q46: 1781.8289 | R46: 4.12 | S46: 2381741 | T46: 28.033886 | U46: 1.659626
A47: Algeria | B47: 2003 | C47: 10510.461 | D47: 88190.002 | E47: 27.54 | F47: 0 | G47: 0.26 | H47: 0.93525183 | I47: 8.57 | J47: 0.47 | K47: 18 | L47: 98.93401 | M47: 98 | N47: 0.228104 | O47: 90000 | P47: 7.2 | Q47: 2103.3813 | R47: 4.08 | S47: 2381741 | T47: 28.033886 | U47: 1.659626
A48: Algeria | B48: 2004 | C48: 10759.022 | D48: 89489.998 | E48: 29.14 | F48: 0 | G48: 0.25 | H48: 0.8506295 | I48: 8.46 | J48: 0.44 | K48: 18 | L48: 98.91208 | M48: 98.2 | N48: 0.2067869 | O48: 140000 | P48: 4.3 | Q48: 2610.1854 | R48: 3.96 | S48: 2381741 | T48: 28.033886 | U48: 1.659626
A49: Algeria | B49: 2005 | C49: 11113.723 | D49: 94190.002 | E49: 31.36 | F49: 0 | G49: 0.55 | H49: 1.7235976 | I49: 8.34 | J49: 0.58 | K49: 18 | L49: 98.88961 | M49: 98.5 | N49: 0.43411878 | O49: 160000 | P49: 5.9 | Q49: 3113.0949 | R49: 3.9 | S49: 2381741 | T49: 28.033886 | U49: 1.659626
A50: Algeria | B50: 2006 | C50: 11341.98 | D50: 99809.998 | E50: 32.9 | F50: 0 | G50: 0.22 | H50: 0.6642512 | I50: 7.42 | J50: 0.41 | K50: 18 | L50: 98.86901 | M50: 98.7 | N50: 0.16327195 | P50: 1.7 | Q50: 3478.71 | R50: 4.1 | S50: 2381741 | T50: 28.033886 | U50: 1.659626
A51: Algeria | B51: 2007 | C51: 11759.701 | D51: 102750 | E51: 34.75 | F51: 0 | G51: 0.22 | H51: 0.62911063 | I51: 7.3 | J51: 0.41 | K51: 18 | L51: 98.852936 | M51: 98.8 | N51: 0.15990457 | P51: 3.4 | Q51: 3950.513 | R51: 4.21 | S51: 2381741 | T51: 28.033886 | U51: 1.659626
A52: Algeria | B52: 2008 | C52: 12252.297 | D52: 107750 | E52: 37.55 | F52: 0 | G52: 0.28 | H52: 0.74015325 | I52: 6.64 | J52: 0.3 | K52: 18 | L52: 99.3 | M52: 99 | N52: 0.1877543 | P52: 2.4 | Q52: 4923.6316 | R52: 4.16 | S52: 2381741 | T52: 28.033886 | U52: 1.659626
A53: Algeria | B53: 2009 | C53: 12753.12 | D53: 112170 | E53: 35.91 | F53: 0 | G53: 0.3 | H53: 0.8285005 | I53: 6.44 | J53: 0.31 | K53: 18 | L53: 98.845184 | M53: 99.1 | N53: 0.21278548 | O53: 2190000 | P53: 1.6 | Q53: 3883.2709 | R53: 4.48 | S53: 2381741 | T53: 28.033886 | U53: 1.659626
A54: Algeria | B54: 2010 | C54: 12243.156 | D54: 114180 | E54: 42.82 | F54: 0 | G54: 0.17 | H54: 0.3954408 | I54: 7.02 | J54: 0.26 | K54: 18 | L54: 98.85893 | M54: 99.2 | N54: 0.11513238 | O54: 400000 | P54: 3.6 | Q54: 4480.7863 | R54: 4.42 | S54: 2381741 | T54: 28.033886 | U54: 1.659626
A55: Algeria | B55: 2011 | C55: 12710.541 | D55: 120790 | E55: 47.67 | F55: 0 | G55: 0.5 | H55: 1.0379905 | I55: 6.89 | J55: 0.18 | K55: 18 | L55: 98.88803 | M55: 99.3 | N55: 0.2352599 | O55: 0 | P55: 2.9 | Q55: 5455.6794 | R55: 4.47 | S55: 2381741 | T55: 28.033886 | U55: 1.659626
A56: Algeria | B56: 2012 | C56: 13624.909 | D56: 134929.99 | E56: 53.36 | F56: 0 | G56: 0.62 | H56: 1.1485735 | I56: 6.76 | J56: 0.18 | K56: 18 | L56: 98.76466 | M56: 99.4 | N56: 0.22453195 | O56: 940000 | P56: 3.4 | Q56: 5592.2201 | R56: 4.72 | S56: 2381741 | T56: 28.033886 | U56: 1.659626
A57: Algeria | B57: 2013 | C57: 14130.735 | D57: 139020 | E57: 55.99 | F57: 0 | G57: 0.33 | H57: 0.5859375 | I57: 6.62 | J57: 0.13 | K57: 18 | L57: 99.002205 | M57: 99.4 | N57: 0.064763196 | O57: 940000 | P57: 2.8 | Q57: 5499.5873 | R57: 4.76 | S57: 2381741 | T57: 28.033886 | U57: 1.659626
A58: Algeria | B58: 2014 | C58: 15108.635 | D58: 147740.01 | E58: 60.15 | F58: 0 | G58: 0.25 | H58: 0.41390726 | I58: 6.78 | J58: 0.07 | K58: 18 | L58: 99.08701 | M58: 99.5 | N58: 0.11750247 | O58: 940000 | P58: 3.8 | Q58: 5493.0567 | R58: 5 | S58: 2381741 | T58: 28.033886 | U58: 1.659626
A59: Algeria | B59: 2015 | C59: 15616.311 | D59: 156270 | E59: 64.46 | F59: 0 | G59: 0.22 | H59: 0.34013605 | I59: 7.85 | J59: 0.06 | K59: 18 | L59: 99.18666 | M59: 99.5 | N59: 0.096813366 | O59: 890000 | P59: 3.7 | Q59: 4177.8895 | R59: 5.05 | S59: 2381741 | T59: 28.033886 | U59: 1.659626
A60: Algeria | B60: 2016 | C60: 15295.143 | D60: 154910 | E60: 66.43 | F60: 0 | G60: 0.34 | H60: 0.50921077 | I60: 11.88 | J60: 0.08 | K60: 18 | L60: 99.35025 | M60: 99.6 | N60: 0.14580712 | O60: 160000 | P60: 3.2 | Q60: 3946.4524 | R60: 4.85 | S60: 2381741 | T60: 28.033886 | U60: 1.659626
A61: Algeria | B61: 2017 | C61: 15164 | D61: 158340 | E61: 70.86 | F61: 0 | G61: 0.64 | H61: 0.8951049 | I61: 16.02 | J61: 0.14 | K61: 18 | L61: 99.63549 | M61: 99.6 | N61: 0.24701829 | O61: 10000 | P61: 1.3 | Q61: 4109.6982 | R61: 4.93 | S61: 2381741 | T61: 28.033886 | U61: 1.659626
A62: Algeria | B62: 2018 | C62: 15971.084 | D62: 165539.99 | E62: 71.32 | F62: 0 | G62: 0.78 | H62: 1.0818309 | I62: 16.25 | J62: 0.19 | K62: 18 | L62: 99.69784 | M62: 99.6 | N62: 0.28767928 | O62: 50000 | P62: 1.1 | Q62: 4142.0186 | R62: 5.19 | S62: 2381741 | T62: 28.033886 | U62: 1.659626
A63: Algeria | B63: 2019 | C63: 16259.053 | D63: 171250 | E63: 75.85 | F63: 0 | G63: 0.84 | H63: 1.0953188 | I63: 15.93 | J63: 0.16 | K63: 18 | L63: 99.5 | M63: 99.7 | N63: 0.29474697 | O63: 60000 | P63: 1 | Q63: 3989.6683 | R63: 5.32 | S63: 2381741 | T63: 28.033886 | U63: 1.659626
A64: Algeria | B64: 2020 | C64: 14933.807 | E64: 72.01 | F64: 0 | G64: 0.72 | H64: 0.9899628 | I64: 15.64 | K64: 18 | L64: 99.80413 | M64: 99.7 | N64: 0.29789943 | P64: -5.1 | Q64: 3306.8582 | S64: 2381741 | T64: 28.033886 | U64: 1.659626
A65: Angola | B65: 2000 | C65: 1979.2562 | D65: 16200 | E65: 0.5 | F65: 0 | G65: 0.9 | H65: 64.28571 | I65: 14.37 | J65: 73.44 | K65: 26 | L65: 24.212744 | M65: 41.1 | P65: 3.0546242 | Q65: 556.83863 | R65: 3.68 | S65: 1246700 | T65: -11.202692 | U65: 17.873887
A66: Angola | B66: 2001 | C66: 2079.732 | D66: 15960 | E66: 0.58 | F66: 0 | G66: 1.01 | H66: 63.52201 | I66: 13.9 | J66: 72.34 | K66: 26 | L66: 20 | M66: 41.7 | P66: 4.2059986 | Q66: 527.33353 | R66: 3.65 | S66: 1246700 | T66: -11.202692 | U66: 17.873887
A67: Angola | B67: 2002 | C67: 2143.528 | D67: 15690 | E67: 0.58 | F67: 0 | G67: 1.13 | H67: 66.08187 | I67: 13.46 | J67: 70.42 | K67: 26 | L67: 26.352118 | M67: 41.7 | P67: 13.665687 | Q67: 872.49444 | R67: 3.34 | S67: 1246700 | T67: -11.202692 | U67: 17.873887
A68: Angola | B68: 2003 | C68: 2298.9023 | D68: 16760 | E68: 0.71 | F68: 0 | G68: 1.23 | H68: 63.40206 | I68: 13.01 | J68: 65.14 | K68: 26 | L68: 27.412777 | M68: 42 | O68: 50000 | P68: 2.98985 | Q68: 982.96101 | R68: 3.49 | S68: 1246700 | T68: -11.202692 | U68: 17.873887
A69: Angola | B69: 2004 | C69: 2454.67 | D69: 17450.001 | E69: 0.45 | F69: 0 | G69: 1.73 | H69: 79.357796 | I69: 26.44 | J69: 61.92 | K69: 26 | L69: 28.47055 | M69: 41.9 | O69: 40000 | P69: 10.952862 | Q69: 1255.5645 | R69: 3.17 | S69: 1246700 | T69: -11.202692 | U69: 17.873887
A70: Angola | B70: 2005 | C70: 2016.8517 | D70: 15810 | E70: 0.53 | F70: 0 | G70: 2.2 | H70: 80.58608 | I70: 25.53 | J70: 68.38 | K70: 26 | L70: 29.527786 | M70: 42.6 | P70: 15.028915 | Q70: 1902.4222 | R70: 2.6 | S70: 1246700 | T70: -11.202692 | U70: 17.873887
A71: Angola | B71: 2006 | C71: 2453.2468 | D71: 16559.999 | E71: 0.6 | F71: 0 | G71: 2.64 | H71: 81.48148 | I71: 24.63 | J71: 62.13 | K71: 26 | L71: 30.586895 | M71: 42.9 | P71: 11.547683 | Q71: 2599.5659 | R71: 2.62 | S71: 1246700 | T71: -11.202692 | U71: 17.873887
A72: Angola | B72: 2007 | C72: 2719.0603 | D72: 16969.999 | E72: 0.68 | F72: 0 | G72: 2.47 | H72: 78.4127 | I72: 36.27 | J72: 58.49 | K72: 26 | L72: 37.5 | M72: 43.5 | O72: 760000 | P72: 14.010018 | Q72: 3121.9961 | R72: 2.5 | S72: 1246700 | T72: -11.202692 | U72: 17.873887
A73: Angola | B73: 2008 | C73: 3072.024 | D73: 19280.001 | E73: 0.96 | F73: 0 | G73: 3.1 | H73: 76.35468 | I73: 36.52 | J73: 54.88 | K73: 26 | L73: 38.49 | M73: 43.6 | P73: 11.166138 | Q73: 4080.941 | R73: 2.48 | S73: 1246700 | T73: -11.202692 | U73: 17.873887
A74: Angola | B74: 2009 | C74: 3368.8357 | D74: 21150 | E74: 1.54 | F74: 0 | G74: 3.06 | H74: 66.52174 | I74: 35.22 | J74: 52.41 | K74: 26 | L74: 33.80219 | M74: 43.8 | P74: 0.85871261 | Q74: 3122.7816 | R74: 2.71 | S74: 1246700 | T74: -11.202692 | U74: 17.873887
A75: Angola | B75: 2010 | C75: 3560.0942 | D75: 22799.999 | E75: 1.64 | F75: 0 | G75: 3.68 | H75: 69.17293 | I75: 34.02 | J75: 52.51 | K75: 26 | L75: 34.895638 | M75: 44.3 | O75: 20000 | P75: 4.4039325 | Q75: 3587.8836 | R75: 2.61 | S75: 1246700 | T75: -11.202692 | U75: 17.873887
A76: Angola | B76: 2011 | C76: 3594.49 | D76: 23870.001 | E76: 1.55 | F76: 0 | G76: 3.98 | H76: 71.97106 | I76: 32.83 | J76: 51.06 | K76: 26 | L76: 34.6 | M76: 44.8 | O76: 220000 | P76: 3.4719763 | Q76: 4615.4682 | R76: 2.62 | S76: 1246700 | T76: -11.202692 | U76: 17.873887
A77: Angola | B77: 2012 | C77: 3615.5242 | D77: 23870.001 | E77: 2.29 | F77: 0 | G77: 3.74 | H77: 62.023216 | I77: 35.16 | J77: 49.47 | K77: 26 | L77: 37.13132 | M77: 45.2 | O77: 10000 | P77: 8.5421876 | Q77: 5100.097 | R77: 2.71 | S77: 1246700 | T77: -11.202692 | U77: 17.873887
A78: Angola | B78: 2013 | C78: 3897.9126 | D78: 26959.999 | E78: 3.24 | F78: 0 | G78: 4.73 | H78: 59.347553 | I78: 37.05 | J78: 47.95 | K78: 26 | L78: 38.27803 | M78: 45.8 | P78: 4.9545446 | Q78: 5254.8811 | R78: 2.6 | S78: 1246700 | T78: -11.202692 | U78: 17.873887
A79: Angola | B79: 2014 | C79: 4135.0474 | D79: 29629.999 | E79: 3.98 | F79: 0 | G79: 5.24 | H79: 56.83297 | I79: 38.31 | J79: 48.23 | K79: 26 | L79: 32 | M79: 46.5 | P79: 4.8226276 | Q79: 5408.4117 | R79: 3.28 | S79: 1246700 | T79: -11.202692 | U79: 17.873887
A80: Angola | B80: 2015 | C80: 4159.5776 | D80: 31650 | E80: 4.03 | F80: 0 | G80: 5.28 | H80: 56.713207 | I80: 37.05 | J80: 47.84 | K80: 26 | L80: 42 | M80: 47.2 | O80: 10000 | P80: 0.94357156 | Q80: 4166.9798 | R80: 2.86 | S80: 1246700 | T80: -11.202692 | U80: 17.873887
A81: Angola | B81: 2016 | C81: 3661.5513 | D81: 29760 | E81: 4.2 | F81: 0 | G81: 6.01 | H81: 58.863857 | I81: 61.19 | J81: 49.03 | K81: 26 | L81: 41.81313 | M81: 47.8 | O81: 93960000 | P81: -2.5800496 | Q81: 3506.0731 | R81: 2.61 | S81: 1246700 | T81: -11.202692 | U81: 17.873887
A82: Angola | B82: 2017 | C82: 3370.8962 | D82: 24250 | E82: 2.99 | F82: 0 | G82: 7.69 | H82: 72.003746 | I82: 82.43 | J82: 56.25 | K82: 26 | L82: 43.01326 | M82: 48.4 | P82: -0.14721294 | Q82: 4095.8101 | R82: 2.51 | S82: 1246700 | T82: -11.202692 | U82: 17.873887
A83: Angola | B83: 2018 | C83: 3366.3933 | D83: 23959.999 | E83: 2.93 | F83: 0 | G83: 9.9 | H83: 77.162895 | I83: 101.45 | J83: 57.36 | K83: 26 | L83: 45.29 | M83: 49.1 | O83: 120000 | P83: -2.0036297 | Q83: 3289.644 | R83: 2.95 | S83: 1246700 | T83: -11.202692 | U83: 17.873887
A84: Angola | B84: 2019 | C84: 3667.4238 | D84: 25209.999 | E84: 4.38 | F84: 0 | G84: 11.02 | H84: 71.55844 | I84: 108.71 | J84: 54.69 | K84: 26 | L84: 45.6428 | M84: 49.5 | O84: 60000 | P84: -0.62464432 | Q84: 2809.6261 | R84: 2.94 | S84: 1246700 | T84: -11.202692 | U84: 17.873887
A85: Angola | B85: 2020 | C85: 3527.16 | E85: 4.49 | F85: 0 | G85: 12.1 | H85: 72.9355 | I85: 115.43 | K85: 26 | L85: 46.89061 | M85: 50.2 | P85: -5.3999874 | Q85: 1776.1669 | S85: 1246700 | T85: -11.202692 | U85: 17.873887
A86: Antigua and Barbuda | B86: 2000 | C86: 28457.223 | D86: 330 | E86: 0.14 | F86: 0 | G86: 0 | H86: 0 | I86: 0 | J86: 0 | K86: 223 | L86: 97.68926 | M86: 100 | P86: 6.2034313 | Q86: 10872.293 | R86: 3.13 | S86: 443 | T86: 17.060816 | U86: -61.796428
A87: Antigua and Barbuda | B87: 2001 | C87: 28025.29 | D87: 350 | E87: 0.16 | F87: 0 | G87: 0 | H87: 0 | I87: 0 | J87: 0 | K87: 223 | L87: 97.785255 | M87: 100 | P87: -4.5480035 | Q87: 10367.32 | R87: 3.31 | S87: 443 | T87: 17.060816 | U87: -61.796428
A88: Antigua and Barbuda | B88: 2002 | C88: 29660.344 | D88: 389.99999 | E88: 0.18 | F88: 0 | G88: 0 | H88: 0 | I88: 0 | J88: 0 | K88: 223 | L88: 100 | M88: 100 | P88: 1.027442 | Q88: 10401.051 | R88: 3.59 | S88: 443 | T88: 17.060816 | U88: -61.796428
A89: Antigua and Barbuda | B89: 2003 | C89: 30824.252 | D89: 410 | E89: 0.2 | F89: 0 | G89: 0 | H89: 0 | I89: 0 | J89: 0 | K89: 223 | L89: 97.956825 | M89: 100 | P89: 6.0765437 | Q89: 10797.951 | R89: 3.63 | S89: 443 | T89: 17.060816 | U89: -61.796428
A90: Antigua and Barbuda | B90: 2004 | C90: 31622.059 | D90: 400.00001 | E90: 0.21 | F90: 0 | G90: 0 | H90: 0 | I90: 0 | J90: 0 | K90: 223 | L90: 98.0371 | M90: 100 | P90: 5.7670286 | Q90: 11446.969 | R90: 3.57 | S90: 443 | T90: 17.060816 | U90: -61.796428
A91: Antigua and Barbuda | B91: 2005 | C91: 31734.295 | D91: 410 | E91: 0.23 | F91: 0 | G91: 0 | H91: 0 | I91: 0 | J91: 0 | K91: 223 | L91: 92.2 | M91: 100 | P91: 6.4738313 | Q91: 12557.548 | R91: 3.4 | S91: 443 | T91: 17.060816 | U91: -61.796428
A92: Antigua and Barbuda | B92: 2006 | C92: 32290.607 | D92: 440 | E92: 0.24 | F92: 0 | G92: 0 | H92: 0 | I92: 0 | J92: 0 | K92: 223 | L92: 100 | M92: 100 | P92: 12.708149 | Q92: 13995.804 | R92: 3.12 | S92: 443 | T92: 17.060816 | U92: -61.796428
A93: Antigua and Barbuda | B93: 2007 | C93: 33375.836 | D93: 460.00001 | E93: 0.26 | F93: 0 | G93: 0 | H93: 0 | I93: 0 | J93: 0 | K93: 223 | L93: 100 | M93: 100 | P93: 9.3153832 | Q93: 15622.693 | R93: 3.02 | S93: 443 | T93: 17.060816 | U93: -61.796428
A94: Antigua and Barbuda | B94: 2008 | C94: 33637.074 | D94: 479.99999 | E94: 0.27 | F94: 0 | G94: 0 | H94: 0 | I94: 0 | J94: 0 | K94: 223 | L94: 100 | M94: 100 | P94: -0.014340652 | Q94: 16044.106 | R94: 3.08 | S94: 443 | T94: 17.060816 | U94: -61.796428
A95: Antigua and Barbuda | B95: 2009 | C95: 34709.18 | D95: 1390 | E95: 0.31 | F95: 0 | G95: 0 | H95: 0 | I95: 1.15 | J95: 0 | K95: 223 | L95: 98.48128 | M95: 100 | P95: -11.962697 | Q95: 14160.562 | R95: 3.7 | S95: 443 | T95: 17.060816 | U95: -61.796428
A96: Antigua and Barbuda | B96: 2010 | C96: 33104.54 | D96: 490.00001 | E96: 0.32 | F96: 0 | G96: 0 | H96: 0 | I96: 1.14 | J96: 0 | K96: 223 | L96: 98.59724 | M96: 100 | P96: -7.8405947 | Q96: 13048.961 | R96: 4.05 | S96: 443 | T96: 17.060816 | U96: -61.796428
A97: Antigua and Barbuda | B97: 2011 | C97: 32616.084 | D97: 540.00002 | E97: 0.32 | F97: 0 | G97: 0 | H97: 0 | I97: 3.36 | J97: 0.08 | K97: 223 | L97: 94.55202 | M97: 100 | P97: -1.9586126 | Q97: 12746.633 | R97: 4.08 | S97: 443 | T97: 17.060816 | U97: -61.796428
A98: Antigua and Barbuda | B98: 2012 | C98: 33159.37 | D98: 699.99999 | E98: 0.31 | F98: 0 | G98: 0 | H98: 0 | I98: 3.32 | J98: 0.15 | K98: 223 | L98: 100 | M98: 100 | P98: 3.3728662 | Q98: 13272.735 | R98: 4.08 | S98: 443 | T98: 17.060816 | U98: -61.796428
A99: Antigua and Barbuda | B99: 2013 | C99: 32853.875 | D99: 470 | E99: 0.31 | F99: 0 | G99: 0 | H99: 0 | I99: 4.37 | J99: 0.15 | K99: 223 | L99: 100 | M99: 100 | O99: 2580000 | P99: -0.6008764 | Q99: 12910.591 | R99: 4.13 | S99: 443 | T99: 17.060816 | U99: -61.796428
A100: Antigua and Barbuda | B100: 2014 | C100: 33313 | D100: 479.99999 | E100: 0.32 | F100: 0 | G100: 0 | H100: 0 | I100: 4.32 | J100: 0.14 | K100: 223 | L100: 100 | M100: 100 | P100: 3.7957276 | Q100: 13501.581 | R100: 4.01 | S100: 443 | T100: 17.060816 | U100: -61.796428
A101: Antigua and Barbuda | B101: 2015 | C101: 33830.76 | D101: 490.00001 | E101: 0.32 | F101: 0 | G101: 0.01 | H101: 3.030303 | I101: 36.34 | J101: 0.48 | K101: 223 | L101: 100 | M101: 100 | O101: 6970000 | P101: 3.8252931 | Q101: 14285.33 | R101: 3.98 | S101: 443 | T101: 17.060816 | U101: -61.796428
A102: Antigua and Barbuda | B102: 2016 | C102: 34089.41 | D102: 500 | E102: 0.32 | F102: 0 | G102: 0 | H102: 0 | I102: 37.03 | J102: 0.6 | K102: 223 | L102: 100 | M102: 100 | P102: 5.4964592 | Q102: 15198.743 | R102: 3.85 | S102: 443 | T102: 17.060816 | U102: -61.796428
A103: Antigua and Barbuda | B103: 2017 | C103: 32233.041 | D103: 500 | E103: 0.32 | F103: 0 | G103: 0.01 | H103: 3.030303 | I103: 40.87 | J103: 0.6 | K103: 223 | L103: 100 | M103: 100 | O103: 19550000 | P103: 3.1443232 | Q103: 15383.576 | R103: 3.73 | S103: 443 | T103: 17.060816 | U103: -61.796428
A104: Antigua and Barbuda | B104: 2018 | C104: 33026.227 | D104: 509.99999 | E104: 0.32 | F104: 0 | G104: 0.01 | H104: 3.030303 | I104: 86.21 | J104: 0.9 | K104: 223 | L104: 100 | M104: 100 | P104: 6.8836408 | Q104: 16679.592 | R104: 3.57 | S104: 443 | T104: 17.060816 | U104: -61.796428
A105: Antigua and Barbuda | B105: 2019 | C105: 33027.516 | D105: 519.99998 | E105: 0.33 | F105: 0 | G105: 0.01 | H105: 2.9411764 | I105: 85.47 | J105: 0.91 | K105: 223 | L105: 100 | M105: 100 | P105: 4.8622362 | Q105: 17376.65 | R105: 3.45 | S105: 443 | T105: 17.060816 | U105: -61.796428
A106: Antigua and Barbuda | B106: 2020 | C106: 27785.227 | E106: 0.31 | F106: 0 | G106: 0.02 | H106: 6.060606 | I106: 167.98 | K106: 223 | L106: 100 | M106: 100 | P106: -20.192371 | Q106: 13992.744 | S106: 443 | T106: 17.060816 | U106: -61.796428
A107: Argentina | B107: 2000 | C107: 18849.81 | D107: 132270 | E107: 50.37 | F107: 5.99 | G107: 28.89 | H107: 40.914955 | I107: 235.62 | J107: 9.85 | K107: 17 | L107: 95.78329 | M107: 95 | N107: 12.283858 | P107: -0.78899894 | Q107: 7708.0991 | R107: 3.69 | S107: 2780400 | T107: -38.416097 | U107: -63.616672
A108: Argentina | B108: 2001 | C108: 18210.12 | D108: 125260 | E108: 42.91 | F108: 6.54 | G108: 37.04 | H108: 50.38733 | I108: 234.09 | J108: 11.51 | K108: 17 | L108: 95.51106 | M108: 95.6 | N108: 15.937488 | O108: 3890000 | P108: -4.4088397 | Q108: 7208.3731 | R108: 3.59 | S108: 2780400 | T108: -38.416097 | U108: -63.616672
A109: Argentina | B109: 2002 | C109: 17275.256 | D109: 117470 | E109: 39.7 | F109: 5.39 | G109: 36.06 | H109: 51.07825 | I109: 236.78 | J109: 11.62 | K109: 17 | L109: 96.22887 | M109: 96.1 | N109: 16.249306 | P109: -10.894485 | Q109: 2593.4046 | R109: 3.99 | S109: 2780400 | T109: -38.416097 | U109: -63.616672
...

Sheet imports
A1: Country Name | B1: Indicator Name | C1: 1988 | D1: 1989 | E1: 1990 | F1: 1991 | G1: 1992 | H1: 1993 | I1: 1994 | J1: 1995 | K1: 1996 | L1: 1997 | M1: 1998 | N1: 1999 | O1: 2000 | P1: 2001 | Q1: 2002 | R1: 2003 | S1: 2004 | T1: 2005 | U1: 2006 | V1: 2007 | W1: 2008 | X1: 2009 | Y1: 2010 | Z1: 2011 | AA1: 2012 | AB1: 2013 | AC1: 2014 | AD1: 2015 | AE1: 2016 | AF1: 2017 | AG1: 2018 | AH1: 2019 | AI1: 2020 | AJ1: 2021 | AK1: 2022
A2: Albania | B2: Energy imports, net (% of energy use) | E2: 6.4206002 | F2: -3.4848988 | G2: -3.3818124 | H2: 0.16870973 | I2: 3.5346718 | J2: 6.636723 | K2: 6.2928234 | L2: 8.699426 | M2: 16.285975 | N2: 42.023756 | O2: 46.518154 | P2: 53.182773 | Q2: 54.025411 | R2: 51.556771 | S2: 48.369835 | T2: 50.5736 | U2: 41.240008 | V2: 49.349867 | W2: 50.062006 | X2: 46.41059 | Y2: 28.962214 | Z2: 35.89477 | AA2: 15.717287 | AB2: 25.200423 | AC2: 28.911953 | AD2: 12.696462 | AE2: 20.272355 | AF2: 38.833601 | AG2: 21.269488 | AH2: 32.231803 | AI2: 36.469977 | AJ2: 24.117752 | AK2: 32.276397
A3: Algeria | B3: Energy imports, net (% of energy use) | E3: -348.57894 | F3: -334.6042 | G3: -331.51783 | H3: -331.86943 | I3: -330.51714 | J3: -338.1382 | K3: -377.43372 | L3: -403.68962 | M3: -407.93841 | N3: -411.8665 | O3: -425.82828 | P3: -406.35596 | Q3: -391.55749 | R3: -401.85756 | S3: -405.29567 | T3: -412.44299 | U3: -373.28933 | V3: -346.1207 | W3: -331.68217 | X3: -274.14298 | Y3: -268.12383 | Z3: -243.48577 | AA3: -209.6286 | AB3: -186.27162 | AC3: -171.45978 | AD3: -158.92568 | AE3: -178.80978 | AF3: -169.87922 | AG3: -152.18072 | AH3: -133.35275 | AI3: -124.74153 | AJ3: -137.10305 | AK3: -127.24359
A4: Angola | B4: Energy imports, net (% of energy use) | E4: -381.65006 | F4: -392.00095 | G4: -432.81887 | H4: -378.00752 | I4: -402.65416 | J4: -461.61801 | K4: -493.92883 | L4: -515.62022 | M4: -547.7561 | N4: -522.04701 | O4: -546.64497 | P4: -487.01426 | Q4: -575.45428 | R4: -520.18104 | S4: -590.35328 | T4: -812.88392 | U4: -818.58983 | V4: -905.05135 | W4: -910.83592 | X4: -775.82135 | Y4: -745.52456 | Z4: -646.02174 | AA4: -604.18323 | AB4: -608.40671 | AC4: -637.73029 | AD4: -568.891 | AE4: -599.54334 | AF4: -564.38488 | AG4: -558.35077 | AH4: -488.93284 | AI4: -474.84656 | AJ4: -373.79663 | AK4: -353.97182
A5: Argentina | B5: Energy imports, net (% of energy use) | E5: -4.0712593 | F5: -3.8545467 | G5: -7.142339 | H5: -10.783483 | I5: -16.997101 | J5: -23.342176 | K5: -28.306974 | L5: -31.273288 | M5: -30.198901 | N5: -30.411482 | O5: -33.842833 | P5: -44.462606 | Q5: -44.631023 | R5: -40.163476 | S5: -28.031842 | T5: -24.036959 | U5: -18.716217 | V5: -8.758409 | W5: -6.2618363 | X5: -7.6558715 | Y5: -2.4021676 | Z5: 7.2374168 | AA5: 8.1143991 | AB5: 13.986218 | AC5: 14.06781 | AD5: 13.547781 | AE5: 11.999369 | AF5: 13.218915 | AG5: 8.6087553 | AH5: 2.4916771 | AI5: 1.2280062 | AJ5: 5.9663681 | AK5: 1.9585582
A6: Armenia | B6: Energy imports, net (% of energy use) | E6: 100.6559 | G6: 97.039692 | L6: 71.485743 | M6: 71.645005 | N6: 65.308063 | O6: 71.191142 | P6: 72.565339 | Q6: 62.98479 | R6: 65.869859 | S6: 65.686174 | T6: 67.237036 | U6: 68.024792 | V6: 72.809235 | W6: 75.140116 | X6: 69.25625 | Y6: 69.640109 | Z6: 69.018011 | AA6: 74.340381 | AB6: 73.68226 | AC6: 71.659229 | AD6: 67.629316 | AE6: 68.24481 | AF6: 68.960568 | AG6: 72.731774 | AH6: 74.170785 | AI6: 74.147267 | AJ6: 78.904516 | AK6: 76.872109
A7: Australia | B7: Energy imports, net (% of energy use) | E7: -74.903416 | F7: -93.637584 | G7: -95.915183 | H7: -92.366025 | I7: -91.374285 | J7: -96.451627 | K7: -91.090923 | L7: -100.7275 | M7: -107.39021 | N7: -103.45437 | O7: -117.60269 | P7: -126.51362 | Q7: -130.62417 | R7: -125.2887 | S7: -125.87203 | T7: -131.07467 | U7: -123.80691 | V7: -127.76429 | W7: -123.53461 | X7: -128.47662 | Y7: -146.70835 | Z7: -141.94293 | AA7: -149.19538 | AB7: -164.69177 | AC7: -185.55579 | AD7: -197.38684 | AE7: -206.23025 | AF7: -213.03922 | AG7: -221.13515 | AH7: -230.54025 | AI7: -237.32858 | AJ7: -232.10477 | AK7: -234.27935
A8: Austria | B8: Energy imports, net (% of energy use) | E8: 69.792467 | F8: 67.896537 | G8: 69.796048 | H8: 67.025531 | I8: 66.447964 | J8: 67.688588 | K8: 70.855776 | L8: 68.783292 | M8: 71.665228 | N8: 66.633473 | O8: 66.900318 | P8: 66.272663 | Q8: 69.180972 | R8: 72.072861 | S8: 72.736024 | T8: 73.395954 | U8: 73.793048 | V8: 70.172563 | W8: 70.477076 | X8: 66.710388 | Y8: 64.315577 | Z8: 71.892759 | AA8: 65.520586 | AB8: 62.883565 | AC8: 67.488882 | AD8: 62.147421 | AE8: 64.113786 | AF8: 65.946381 | AG8: 66.525778 | AH8: 74.476282 | AI8: 59.766877 | AJ8: 53.15293 | AK8: 76.811185
A9: Azerbaijan | B9: Energy imports, net (% of energy use) | E9: 12.230552 | F9: 16.273306 | G9: 3.9842959 | H9: -1.7221529 | I9: 1.8865854 | J9: -15.161915 | K9: -21.134066 | L9: -23.142724 | M9: -33.571436 | N9: -72.323465 | O9: -65.862621 | P9: -68.858086 | Q9: -71.888583 | R9: -61.706348 | S9: -55.178726 | T9: -93.951693 | U9: -182.88923 | V9: -323.14755 | W9: -326.67337 | X9: -425.32075 | Y9: -457.06933 | Z9: -377.9802 | AA9: -326.99964 | AB9: -326.52807 | AC9: -312.69973 | AD9: -311.3727 | AE9: -307.15744 | AF9: -278.23586 | AG9: -286.42024 | AH9: -274.41746 | AI9: -274.46061 | AJ9: -287.01653 | AK9: -263.12754
A10: Bahrain | B10: Energy imports, net (% of energy use) | E10: -154.67004 | F10: -156.1239 | G10: -143.14576 | H10: -143.38118 | I10: -125.45981 | J10: -129.20065 | K10: -126.63248 | L10: -118.84261 | M10: -114.74377 | N10: -106.17925 | O10: -97.825586 | P10: -97.38321 | Q10: -94.195608 | R10: -88.231432 | S10: -80.534361 | T10: -60.627317 | U10: -60.115304 | V10: -53.528028 | W10: -45.866588 | X10: -54.728337 | Y10: -53.407057 | Z10: -58.314694 | AA10: -56.775094 | AB10: -54.383116 | AC10: -65.71838 | AD10: -57.361738 | AE10: -57.29019 | AF10: -56.80998 | AG10: -53.600543 | AH10: -53.430627 | AI10: -51.90139 | AJ10: -50.226333 | AK10: -45.475132
A11: Bangladesh | B11: Energy imports, net (% of energy use) | E11: 16.925278 | F11: 14.56751 | G11: 14.098282 | H11: 13.953878 | I11: 15.285043 | O11: 17.650915 | P11: 21.103895 | Q11: 19.70622 | R11: 19.928574 | S11: 17.792065 | T11: 17.909554 | U11: 16.110349 | V11: 15.829946 | W11: 15.494329 | X11: 14.740472 | Y11: 14.454455 | Z11: 17.464638 | AA11: 18.355917 | AB11: 17.964054 | AC11: 19.628963 | AD11: 20.400209 | AE11: 21.671916 | AF11: 23.88997 | AG11: 24.574116 | AH11: 30.297494 | AI11: 34.46204 | AJ11: 39.590069 | AK11: 44.307026
A12: Belarus | B12: Energy imports, net (% of energy use) | E12: 92.709262 | F12: 90.300896 | G12: 88.688387 | H12: 87.921985 | I12: 84.807997 | J12: 87.147907 | K12: 83.381678 | L12: 88.348126 | M12: 86.196477 | N12: 84.290058 | O12: 85.491586 | P12: 84.922212 | Q12: 84.340551 | R12: 85.235838 | S12: 86.594078 | T12: 85.396022 | U12: 86.224521 | V12: 84.71559 | W12: 87.750868 | X12: 83.534171 | Y12: 84.979709 | Z12: 84.146163 | AA12: 87.246613 | AB12: 86.726893 | AC12: 87.767382 | AD12: 84.959928 | AE12: 83.313868 | AF12: 84.894044 | AG12: 86.028155 | AH12: 85.255535 | AI12: 83.841231 | AJ12: 78.289958 | AK12: 77.079948
A13: Belgium | B13: Energy imports, net (% of energy use) | E13: 83.036796 | F13: 84.764993 | G13: 85.761616 | H13: 84.53652 | I13: 87.120842 | J13: 88.086939 | K13: 88.322853 | L13: 86.887808 | M13: 90.173114 | N13: 85.069962 | O13: 87.21996 | P13: 89.760923 | Q13: 88.5769 | R13: 91.440452 | S13: 91.768603 | T13: 91.873267 | U13: 92.466114 | V13: 91.142835 | W13: 95.950877 | X13: 86.602839 | Y13: 89.345984 | Z13: 86.778353 | AA13: 86.342803 | AB13: 87.315604 | AC13: 89.705861 | AD13: 95.272255 | AE13: 86.254228 | AF13: 86.938044 | AG13: 99.699001 | AH13: 90.930226 | AI13: 89.07581 | AJ13: 81.496156 | AK13: 86.761944
A14: Benin | B14: Energy imports, net (% of energy use) | E14: -5.5370285 | F14: -5.9790457 | G14: -2.1444461 | H14: -2.7405027 | I14: -1.2102954 | J14: 0.95287349 | K14: 11.500838 | L14: 16.260528 | M14: 16.957243 | N14: 23.283169 | O14: 28.09771 | P14: 29.872469 | Q14: 31.955106 | R14: 34.470607 | S14: 35.089418 | T14: 35.847037 | U14: 39.107901 | V14: 41.801795 | W14: 42.256518 | X14: 44.71661 | Y14: 49.305667 | AH14: 46.041641 | AI14: 46.633622 | AJ14: 42.756759 | AK14: 40.90317
A15: Bolivia | B15: Energy imports, net (% of energy use) | E15: -91.590738 | F15: -90.818104 | G15: -80.389417 | H15: -72.950996 | I15: -69.005949 | J15: -55.167434 | K15: -42.702088 | L15: -27.678749 | M15: -26.188833 | N15: -18.291124 | O15: -49.65056 | P15: -82.38244 | Q15: -73.490177 | R15: -94.16115 | S15: -145.62147 | T15: -163.59353 | U15: -171.32397 | V15: -180.91141 | W15: -183.61036 | X15: -136.60464 | Y15: -148.35164 | Z15: -148.43925 | AA15: -160.63805 | AB15: -191.99225 | AC15: -179.20045 | AD15: -174.58382 | AE15: -149.60013 | AF15: -132.55609 | AG15: -114.95634 | AH15: -90.754165 | AI15: -119.86122 | AJ15: -95.167052 | AK15: -67.333905
A16: Bosnia and Herzegovina | B16: Energy imports, net (% of energy use) | F16: 31.900268 | G16: 18.497979 | H16: 16.435434 | I16: 49.749513 | J16: 47.875571 | K16: 38.67798 | L16: 21.845775 | M16: 24.300499 | N16: 22.353238 | O16: 29.020877 | P16: 27.590972 | Q16: 24.696444 | R16: 21.053003 | S16: 25.547924 | T16: 27.468663 | U16: 26.357676 | V16: 30.647442 | W16: 29.036342 | X16: 30.577303 | Y16: 31.196082 | Z16: 33.994826 | AA16: 33.294503 | AB16: 29.722408 | AC16: 28.212705 | AD16: 33.708899 | AE16: 31.559987 | AF16: 34.076435 | AG16: 24.281114 | AH16: 27.394097 | AI16: 25.393447 | AJ16: 27.180586 | AK16: 26.368061
A17: Botswana | B17: Energy imports, net (% of energy use) | Y17: 47.927469 | Z17: 50.519594 | AA17: 46.854629 | AB17: 45.521193 | AC17: 37.335962 | AD17: 34.929685 | AE17: 36.345923 | AF17: 31.89868 | AG17: 30.949012 | AH17: 33.186239 | AI17: 30.85959 | AJ17: 30.181619 | AK17: 23.681778
A18: Brazil | B18: Energy imports, net (% of energy use) | E18: 27.922391 | F18: 27.826399 | G18: 27.48925 | H18: 30.851937 | I18: 30.023153 | J18: 29.918804 | K18: 32.020564 | L18: 31.060068 | M18: 28.442663 | N18: 25.482916 | O18: 23.641203 | P18: 21.066972 | Q18: 15.693066 | R18: 12.650434 | S18: 14.987125 | T18: 11.709392 | U18: 9.4248744 | V18: 10.755451 | W18: 10.973437 | X18: 6.602297 | Y18: 9.4605638 | Z18: 10.701608 | AA18: 12.135917 | AB18: 15.779929 | AC18: 14.224612 | AD18: 8.6138733 | AE18: 2.673007 | AF18: 1.1405856 | AG18: -0.81675403 | AH18: -4.0596361 | AI18: -11.167735 | AJ18: -3.8476311 | AK18: -7.2872105
A19: Brunei | B19: Energy imports, net (% of energy use) | E19: -799.8963 | F19: -737.47539 | G19: -725.03184 | H19: -746.85577 | I19: -830.26395 | J19: -703.38572 | K19: -679.12633 | L19: -635.27578 | M19: -628.17299 | N19: -674.54696 | O19: -725.65394 | P19: -790.40928 | Q19: -833.77756 | R19: -739.14337 | S19: -793.86989 | T19: -839.54522 | U19: -604.86445 | V19: -539.09714 | W19: -488.91667 | X19: -511.8917 | Y19: -472.22804 | Z19: -376.26828 | AA19: -378.75655 | AB19: -453.06912 | AC19: -351.38075 | AD19: -486.23581 | AE19: -405.09178 | AF19: -332.16902 | AG19: -339.57889 | AH19: -266.99692 | AI19: -245.56382 | AJ19: -228.68023 | AK19: -172.55263
A20: Bulgaria | B20: Energy imports, net (% of energy use) | E20: 64.13341 | F20: 64.527991 | G20: 58.002256 | H20: 60.340227 | I20: 56.82267 | J20: 58.775071 | K20: 57.43798 | L20: 51.7156 | M20: 50.531982 | N20: 48.712723 | O20: 46.864953 | P20: 46.675433 | Q20: 47.421179 | R20: 47.428643 | S20: 49.060099 | T20: 48.080079 | U20: 46.864859 | V20: 51.989495 | W20: 53.004979 | X20: 46.382605 | Y20: 40.85265 | Z20: 37.237482 | AA20: 37.354017 | AB20: 39.053926 | AC20: 35.715193 | AD20: 37.131814 | AE20: 39.329357 | AF20: 40.266772 | AG20: 37.371503 | AH20: 39.323183 | AI20: 38.921745 | AJ20: 36.895349 | AK20: 37.962661
A21: Cambodia | B21: Energy imports, net (% of energy use) | AI21: 60.586801 | AJ21: 58.931308
A22: Cameroon | B22: Energy imports, net (% of energy use) | E22: -122.14732 | F22: -114.05853 | G22: -112.07999 | H22: -97.988223 | I22: -89.597448 | J22: -76.607857 | K22: -77.330023 | L22: -82.912802 | M22: -86.7051 | N22: -80.50566 | O22: -75.231121 | P22: -65.993056 | Q22: -65.53435 | R22: -57.267994 | S22: -51.692941 | T22: -48.45375 | U22: -51.024657 | V22: -48.753263 | W22: -48.308925 | X22: -31.552409 | Y22: -23.200884 | Z22: -13.258851 | AA22: -15.07492 | AB22: -18.262819 | AC22: -19.664629 | AD22: -27.961788 | AE22: -27.952799 | AF22: -20.564834 | AG22: -24.050145 | AH22: -31.903384 | AI22: -31.243405 | AJ22: -29.7632 | AK22: -28.712684
A23: Canada | B23: Energy imports, net (% of energy use) | E23: -28.035109 | F23: -36.179583 | G23: -38.80463 | H23: -42.052583 | I23: -46.185203 | J23: -51.081815 | K23: -50.428065 | L23: -50.463863 | M23: -52.138068 | N23: -49.873936 | O23: -50.589519 | P23: -51.790605 | Q23: -54.762452 | R23: -49.269134 | S23: -50.389794 | T23: -47.977101 | U23: -50.428761 | V23: -54.590049 | W23: -52.792558 | X23: -52.91117 | Y23: -55.142238 | Z23: -56.292996 | AA23: -59.752255 | AB23: -65.704813 | AC23: -66.696675 | AD23: -68.422156 | AE23: -69.117305 | AF23: -71.731473 | AG23: -75.0034 | AH23: -75.769176 | AI23: -79.703982 | AJ23: -87.582136 | AK23: -89.488095
A24: Chad | B24: Energy imports, net (% of energy use) | O24: 3.1943428 | P24: 3.7381818 | Q24: 4.5200881 | R24: -72.142562 | S24: -378.63452 | T24: -370.79361 | U24: -325.09212 | V24: -290.73118 | W24: -248.33325 | X24: -217.45833 | Y24: -225.61288 | Z24: -183.96186 | AA24: -117.29275 | AB24: -132.26487 | AF24: -157.66185 | AG24: -171.72708 | AH24: -204.99154 | AI24: -203.00917 | AJ24: -176.63058 | AK24: -177.76264
A25: Chile | B25: Energy imports, net (% of energy use) | E25: 50.14542 | F25: 50.646308 | G25: 49.546873 | H25: 51.089244 | I25: 58.342137 | J25: 59.085298 | K25: 64.169372 | L25: 64.643817 | M25: 69.505481 | N25: 71.281617 | O25: 70.494045 | P25: 67.836546 | Q25: 69.084038 | R25: 71.333772 | S25: 75.29682 | T25: 72.246247 | U25: 72.933961 | V25: 77.91174 | W25: 72.750094 | X25: 70.243593 | Y25: 72.270444 | Z25: 73.831174 | AA25: 67.13843 | AB25: 65.871558 | AC25: 67.250829 | AD25: 68.18478 | AE25: 69.176897 | AF25: 68.361002 | AG25: 67.663563 | AH25: 69.225887 | AI25: 66.718239 | AJ25: 68.863243 | AK25: 66.273212
A26: China | B26: Energy imports, net (% of energy use) | E26: -3.9913418 | F26: -3.5844946 | G26: -2.6338217 | H26: -0.36876894 | I26: -1.470725 | J26: -1.2456799 | K26: -1.12647 | L26: 0.64973803 | M26: 0.30562276 | N26: 1.2667492 | O26: 2.4580751 | P26: 0.095412582 | Q26: 1.5507739 | R26: 2.8178772 | S26: 5.8057075 | T26: 5.6086158 | U26: 6.9593964 | V26: 7.9460986 | W26: 8.6324519 | X26: 12.07848 | Y26: 13.58229 | Z26: 14.718738 | AA26: 16.551908 | AB26: 17.326032 | AC26: 17.541175 | AD26: 16.706423 | AE26: 19.193074 | AF26: 20.41899 | AG26: 21.668746 | AH26: 22.220974 | AI26: 22.974572 | AJ26: 21.638661 | AK26: 20.624559
A27: Colombia | B27: Energy imports, net (% of energy use) | E27: -89.274856 | F27: -92.329935 | G27: -80.862866 | H27: -88.923178 | I27: -86.105094 | J27: -106.73597 | K27: -125.49443 | L27: -139.27358 | M27: -157.17439 | N27: -195.40334 | O27: -183.11663 | P27: -176.85945 | Q27: -171.42119 | R27: -181.33368 | S27: -192.72764 | T27: -189.66106 | U27: -198.79933 | V27: -202.67752 | W27: -206.85479 | X27: -216.44726 | Y27: -245.91526 | Z27: -284.1845 | AA27: -308.77157 | AB27: -223.80397 | AC27: -237.43279 | AD27: -212.7697 | AE27: -201.1411 | AF27: -250.10761 | AG27: -228.7851 | AH27: -181.41411 | AI27: -192.84562 | AJ27: -145.26017 | AK27: -139.1242
A28: Congo, Rep. | B28: Energy imports, net (% of energy use) | E28: -1002.1235 | F28: -944.82859 | G28: -1056.0656 | H28: -1153.3976 | I28: -1251.6419 | J28: -1148.277 | K28: -1364.9899 | L28: -1633.8764 | M28: -1777.6506 | N28: -1939.3452 | O28: -1931.3293 | P28: -1590.599 | Q28: -1524.6611 | R28: -1166.2476 | S28: -1135.5995 | T28: -1152.2313 | U28: -998.36698 | V28: -892.29106 | W28: -875.81705 | X28: -922.44264 | Y28: -934.27953 | Z28: -632.16269 | AA28: -537.70637 | AB28: -453.8497 | AC28: -459.95644 | AD28: -420.1744 | AE28: -395.35511 | AF28: -463.76083 | AG28: -548.5007 | AH28: -511.22993 | AI28: -452.50849 | AJ28: -391.39312 | AK28: -347.41987
A29: Costa Rica | B29: Energy imports, net (% of energy use) | E29: 62.001339 | F29: 60.44692 | G29: 62.720461 | H29: 63.856183 | I29: 66.885487 | J29: 69.97913 | K29: 66.807884 | L29: 64.959257 | M29: 72.538273 | N29: 71.233487 | O29: 61.418134 | P29: 65.252158 | Q29: 64.244491 | R29: 62.669801 | S29: 52.036171 | T29: 54.956833 | U29: 54.481972 | V29: 56.272567 | W29: 57.266885 | X29: 51.888476 | Y29: 53.24357 | Z29: 54.348382 | AA29: 50.292124 | AB29: 51.041448 | AC29: 52.250373 | AD29: 50.898603 | AE29: 56.106193 | AF29: 60.518741 | AG29: 58.366919 | AH29: 57.963811 | AI29: 46.820616 | AJ29: 53.383697 | AK29: 53.080233
A30: Cote d'Ivoire | B30: Energy imports, net (% of energy use) | E30: 25.079007 | F30: 26.590766 | G30: 26.186826 | H30: 25.63444 | I30: 25.420654 | J30: 20.892431 | K30: 14.080341 | L30: 11.050065 | M30: 11.343933 | N30: 17.076744 | O30: 14.60034 | P30: 11.590095 | Q30: 9.2432547 | R30: -0.0079621004 | S30: -1.7069851 | T30: -7.292621 | U30: -24.056513 | V30: -12.821686 | W30: -13.484114 | X30: -15.865259 | Y30: -10.283548 | Z30: -6.364434 | AA30: 1.6296279 | AB30: 6.0660659 | AC30: 7.7174236 | AD30: 3.2078959 | AE30: 5.1000774 | AF30: 3.0147243 | AG30: 7.7921101 | AH30: 4.6010464 | AI30: 8.1437856 | AJ30: 13.230067 | AK30: 14.378609
A31: Croatia | B31: Energy imports, net (% of energy use) | E31: 40.955874 | F31: 30.903326 | G31: 36.135952 | H31: 34.033681 | I31: 37.598812 | J31: 35.985978 | K31: 41.468946 | L31: 43.851041 | M31: 46.645048 | N31: 49.547662 | O31: 48.890391 | P31: 47.11787 | Q31: 54.98708 | R31: 51.169738 | S31: 52.436006 | T31: 53.256358 | U31: 49.779714 | V31: 52.477298 | W31: 55.536239 | X31: 46.635024 | Y31: 47.349206 | Z31: 50.458577 | AA31: 50.63929 | AB31: 48.282439 | AC31: 45.019109 | AD31: 49.628925 | AE31: 49.307656 | AF31: 54.257563 | AG31: 54.123044 | AH31: 57.796268 | AI31: 54.170846 | AJ31: 55.430659 | AK31: 61.895536
A32: Cuba | B32: Energy imports, net (% of energy use) | U32: 49.792369 | V32: 47.918472 | W32: 51.244614 | X32: 55.537394 | Y32: 61.504332 | Z32: 57.410361 | AA32: 58.170102 | AB32: 56.995896 | AC32: 54.186043 | AD32: 54.839625 | AE32: 58.750618 | AF32: 55.238831 | AG32: 50.393946 | AH32: 52.813625 | AI32: 53.593771 | AJ32: 58.13848 | AK32: 62.813333
A33: Curaçao | B33: Energy imports, net (% of energy use) | E33: 215.07558 | F33: 201.40377 | G33: 247.42082 | H33: 247.70628 | I33: 241.35279 | J33: 240.64476 | K33: 237.60666 | L33: 176.2832 | M33: 169.1865 | N33: 196.1447 | O33: 197.30385 | P33: 193.54825 | Q33: 195.54145 | R33: 200.50584 | S33: 195.84743 | T33: 200.96229 | U33: 204.84639 | V33: 194.83952 | W33: 201.40061 | X33: 196.99188 | Y33: 210.1385 | Z33: 201.88631 | AA33: 199.02366 | AB33: 203.85045 | AC33: 192.12151 | AD33: 190.39331 | AE33: 204.73102 | AF33: 223.77125 | AG33: 236.119
A34: Cyprus | B34: Energy imports, net (% of energy use) | K34: 116.39848 | AD34: 120.80098 | AE34: 120.81703 | AJ34: 108.44315 | AK34: 117.03786
A35: Czech Republic | B35: Energy imports, net (% of energy use) | E35: 15.286446 | F35: 15.710724 | G35: 15.792553 | H35: 15.916368 | I35: 18.753968 | J35: 20.551217 | K35: 24.226558 | L35: 24.106357 | M35: 25.114363 | N35: 25.081737 | O35: 22.779863 | P35: 25.1361 | Q35: 26.335945 | R35: 25.062337 | S35: 25.557503 | T35: 28.10374 | U35: 27.666134 | V35: 25.130086 | W35: 27.930635 | X35: 27.000781 | Y35: 25.554911 | Z35: 28.884721 | AA35: 25.429576 | AB35: 27.710578 | AC35: 30.286925 | AD35: 32.117295 | AE35: 32.877933 | AF35: 37.288014 | AG35: 37.08666 | AH35: 41.0173 | AI35: 38.784971 | AJ35: 40.026141 | AK35: 42.023364
A36: Denmark | B36: Energy imports, net (% of energy use) | E36: 49.818731 | F36: 42.751863 | G36: 40.187632 | H36: 30.103981 | I36: 30.248665 | J36: 37.479657 | K36: 24.269617 | L36: 17.402778 | M36: 6.1702938 | N36: -18.762203 | O36: -40.050456 | P36: -31.520106 | Q36: -45.964934 | R36: -34.238571 | S36: -51.115235 | T36: -55.216611 | U36: -38.957808 | V36: -26.75326 | W36: -23.265115 | X36: -20.242147 | Y36: -17.632651 | Z36: -6.9301774 | AA36: -3.4730256 | AB36: 13.334643 | AC36: 13.460392 | AD36: 14.41915 | AE36: 14.973743 | AF36: 12.471322 | AG36: 25.164627 | AH36: 43.767617 | AI36: 48.334348 | AJ36: 34.830756 | AK36: 47.39572
A37: Dominican Republic | B37: Energy imports, net (% of energy use) | AA37: 93.229324 | AB37: 93.032548 | AC37: 93.565312 | AD37: 95.356582 | AE37: 94.424446 | AF37: 93.040809 | AG37: 93.420206 | AH37: 93.940654 | AI37: 89.586616 | AJ37: 91.28738 | AK37: 94.420689
A38: Ecuador | B38: Energy imports, net (% of energy use) | E38: -159.27593 | F38: -156.93454 | G38: -178.5753 | H38: -199.70294 | I38: -200.15316 | J38: -177.25404 | K38: -160.39118 | L38: -144.82279 | M38: -137.87269 | N38: -157.39994 | O38: -169.13479 | P38: -155.41631 | Q38: -131.04701 | R38: -123.53776 | S38: -168.17067 | T38: -149.12926 | U38: -153.09402 | V38: -129.46671 | W38: -150.58346 | X38: -118.84378 | Y38: -106.15226 | Z38: -104.75 | AA38: -108.89053 | AB38: -105.56654 | AC38: -98.818671 | AD38: -101.68852 | AE38: -113.6296 | AF38: -104.55086 | AG38: -98.711527 | AH38: -95.754232 | AI38: -105.89822 | AJ38: -75.60515 | AK38: -69.401315
A39: Egypt, Arab Rep. | B39: Energy imports, net (% of energy use) | E39: -61.760888 | F39: -61.844372 | G39: -66.239941 | H39: -65.836086 | I39: -67.704471 | J39: -60.061574 | K39: -46.313477 | L39: -38.201695 | M39: -30.310218 | N39: -31.280713 | O39: -23.171586 | P39: -17.838431 | Q39: -19.274931 | R39: -19.317782 | S39: -11.464638 | T39: -22.487342 | U39: -20.936627 | V39: -19.33036 | W39: -21.079934 | X39: -16.965407 | Y39: -15.282542 | Z39: -9.0916768 | AA39: -3.823938 | AB39: 0.75107387 | AC39: 8.0901448 | AD39: 12.861115 | AE39: 19.05399 | AF39: 14.129952 | AG39: 4.9957346 | AH39: -0.53103398 | AI39: -0.068294372 | AJ39: 1.6352104 | AK39: 9.7851068
A40: El Salvador | B40: Energy imports, net (% of energy use) | E40: 32.053477 | F40: 37.633188 | G40: 39.75994 | H40: 44.605665 | I40: 44.179066 | J40: 49.276846 | K40: 45.558366 | L40: 48.698655 | M40: 51.401857 | N40: 48.462919 | O40: 59.872955 | P40: 56.654078 | Q40: 55.983588 | R40: 57.517017 | S40: 57.277763 | T40: 54.229667 | U40: 53.502166 | V40: 56.263197 | W40: 50.574499 | X40: 50.965735 | Y40: 49.375187 | Z40: 49.69928 | AA40: 49.569779 | AB40: 52.717821 | AC40: 56.10994 | AD40: 58.398868 | AE40: 58.376272 | AF40: 54.946927 | AG40: 57.451914 | AH40: 61.322795 | AI40: 51.479107 | AJ40: 56.933114 | AK40: 59.505445
A41: Eritrea | B41: Energy imports, net (% of energy use) | G41: 44.788633 | H41: 40.009853 | I41: 47.397129 | J41: 40.601288 | K41: 42.539849 | L41: 33.015342 | S41: 34.789749
A42: Estonia | B42: Energy imports, net (% of energy use) | E42: 42.044638 | F42: 40.123353 | G42: 35.847852 | H42: 37.623641 | I42: 35.376072 | J42: 33.60837 | K42: 30.902923 | L42: 30.960387 | M42: 38.430348 | N42: 36.21651 | O42: 34.74931 | P42: 34.433334 | Q42: 32.859686 | R42: 30.142616 | S42: 31.08928 | T42: 27.826415 | U42: 31.595207 | V42: 25.667673 | W42: 28.80256 | X42: 28.332233 | Y42: 15.411623 | Z42: 14.326551 | AA42: 22.467276 | AB42: 15.849618 | AC42: 12.46566 | AD42: 12.008668 | AE42: 8.5861629 | AF42: 4.8111241 | AG42: 1.4647193 | AH42: 5.117667 | AI42: 11.481618 | AJ42: 1.6917913 | AK42: 6.8336393
A43: Eswatini | B43: Energy imports, net (% of energy use) | L43: 15.441048 | M43: 16.835116 | N43: 12.822048 | O43: 14.578679 | P43: 18.588557 | Q43: 12.062668 | R43: 9.3460567 | S43: 5.6975686 | T43: 8.7740106 | U43: 10.887432 | V43: 10.829493 | W43: 10.276989 | X43: 12.967949 | Y43: 12.851158 | Z43: 23.419503 | AA43: 26.477995 | AB43: 19.11631 | AC43: 22.699617 | AD43: 23.270679 | AE43: 25.707921 | AF43: 29.76289 | AG43: 29.10896 | AH43: 31.47877 | AI43: 26.880352 | AJ43: 25.438085 | AK43: 20.552956
A44: Ethiopia(excludes Eritrea) | B44: Energy imports, net (% of energy use) | E44: 5.7127833 | F44: 5.679872 | G44: 3.0759193 | H44: 3.7904134 | I44: 4.2462396 | J44: 4.6167078 | K44: 4.804174 | L44: 4.4880197 | Z44: 7.076781 | AA44: 7.4170007 | AB44: 8.2280907 | AC44: 9.1595138 | AD44: 9.3608175 | AE44: 10.21686 | AF44: 10.520502 | AG44: 11.236527 | AH44: 12.044912 | AI44: 9.525699 | AJ44: 11.144845 | AK44: 10.792496
A45: Finland | B45: Energy imports, net (% of energy use) | E45: 62.814927 | F45: 58.403228 | G45: 57.578801 | H45: 57.194087 | I45: 67.048595 | J45: 54.418803 | K45: 55.943634 | L45: 57.207613 | M45: 54.563889 | N45: 51.987603 | O45: 57.116594 | P45: 56.767558 | Q45: 53.732395 | R45: 60.627976 | S45: 56.053811 | T45: 55.852421 | U45: 55.462253 | V45: 54.663657 | W45: 55.931973 | X45: 55.442583 | Y45: 49.326084 | Z45: 54.535694 | AA45: 47.484925 | AB45: 50.073186 | AC45: 50.260811 | AD45: 48.542489 | AE45: 46.682796 | AF45: 45.267154 | AG45: 46.765827 | AH45: 44.40371 | AI45: 43.866862 | AJ45: 38.687648 | AK45: 42.381892
A46: Fm Sudan | B46: Energy imports, net (% of energy use) | N46: -2.84274 | O46: -49.232877 | P46: -55.999112 | Q46: -61.390894 | R46: -71.926267 | S46: -82.117885 | T46: -77.103348 | U46: -78.908179 | V46: -122.93617 | W46: -113.85862 | X46: -110.74952 | Y46: -121.69282 | Z46: -104.23637 | AA46: -14.335531 | AB46: 1.1299044 | AC46: 2.0356534 | AD46: 4.1698702 | AE46: 5.6793964 | AF46: 9.2591985 | AG46: 16.263728 | AH46: 15.655636 | AI46: 17.608228 | AJ46: 20.834014 | AK46: 18.856811
A47: France | B47: Energy imports, net (% of energy use) | E47: 53.272729 | F47: 53.268206 | G47: 52.888808 | H47: 48.677803 | I47: 48.399149 | J47: 48.686108 | K47: 49.243877 | L47: 49.890757 | M47: 52.24308 | N47: 52.653867 | O47: 52.659718 | P47: 51.628059 | Q47: 51.99023 | R47: 51.901931 | S47: 52.240226 | T47: 53.06794 | U47: 52.991445 | V47: 51.970251 | W47: 52.30052 | X47: 52.44618 | Y47: 50.370994 | Z47: 50.766913 | AA47: 49.919213 | AB47: 49.718735 | AC47: 47.859572 | AD47: 47.584019 | AE47: 49.147062 | AF47: 50.650125 | AG47: 48.740565 | AH47: 49.706521 | AI47: 45.790961 | AJ47: 45.571525 | AK47: 54.320174
A48: Gabon | B48: Energy imports, net (% of energy use) | E48: -1029.2183 | F48: -1149.0026 | G48: -1056.9197 | H48: -1088.746 | I48: -1393.1385 | J48: -1355.3704 | K48: -1310.8979 | L48: -1309.4764 | M48: -1158.6378 | N48: -1059.8186 | O48: -917.46671 | P48: -794.03213 | Q48: -644.95583 | R48: -575.91205 | S48: -507.73455 | T48: -423.2269 | U48: -335.18029 | V48: -307.14979 | W48: -264.25376 | X48: -240.00875 | Y48: -243.26332 | Z48: -274.2708 | AA48: -296.87109 | AB48: -189.75265 | AC48: -195.2663 | AD48: -203.76402 | AE48: -199.61991 | AF48: -195.86134 | AG48: -172.01353 | AH48: -210.2251 | AI48: -205.64907 | AJ48: -190.1151 | AK48: -187.59703
A49: Georgia | B49: Energy imports, net (% of energy use) | E49: 85.114008 | F49: 87.54243 | G49: 86.086297 | H49: 79.363325 | I49: 81.102768 | J49: 69.184366 | K49: 61.036345 | L49: 60.980801 | M49: 59.576942 | N49: 57.16689 | O49: 54.320032 | P49: 50.421355 | Q49: 47.241781 | R49: 49.27874 | S49: 55.086107 | T49: 66.814643 | U49: 70.751306 | V49: 69.490387 | W49: 65.401491 | X49: 63.055202 | Y49: 59.229428 | Z49: 69.496196 | AA49: 71.421114 | AB49: 67.832308 | AC49: 71.018983 | AD49: 73.833831 | AE49: 73.09864 | AF49: 74.407164 | AG49: 77.333438 | AH49: 80.722389 | AI49: 80.631737 | AJ49: 78.155303 | AK49: 79.584207
A50: Germany | B50: Energy imports, net (% of energy use) | E50: 47.628186 | F50: 52.635221 | G50: 55.661568 | H50: 56.71539 | I50: 58.065358 | J50: 58.113959 | K50: 60.013499 | L50: 60.758078 | M50: 62.480614 | N50: 60.820937 | O50: 61.103958 | P50: 62.505025 | Q50: 61.799488 | R50: 62.269879 | S50: 62.865067 | T50: 62.530571 | U50: 62.834308 | V50: 60.557829 | W50: 62.846553 | X50: 63.278073 | Y50: 62.053649 | Z50: 63.962603 | AA50: 63.409187 | AB50: 64.634186 | AC50: 64.035236 | AD50: 64.43545 | AE50: 66.306473 | AF50: 66.621197 | AG50: 66.201931 | AH50: 69.924001 | AI50: 65.385601 | AJ50: 65.404562 | AK50: 71.753409
A51: Ghana | B51: Energy imports, net (% of energy use) | E51: 18.250712 | F51: 16.296781 | G51: 16.240893 | H51: 15.294151 | I51: 18.540765 | J51: 17.818749 | K51: 20.030784 | L51: 21.724577 | M51: 28.046957 | N51: 28.591495 | O51: 31.973403 | P51: 34.209959 | Q51: 38.861998 | R51: 39.728333 | S51: 38.738717 | T51: 40.322233 | U51: 45.642425 | V51: 48.117387 | W51: 47.467285 | X51: 47.860932 | Y51: 49.273944 | Z51: 7.6145668 | AA51: 7.7546613 | AB51: -6.8521757 | AC51: -7.691798 | AD51: -6.4102272 | AE51: 5.714782 | AF51: -37.033115 | AG51: -33.651271 | AH51: -43.168048 | AI51: -35.645639 | AJ51: -25.733129 | AK51: -22.365652
A52: Greece | B52: Energy imports, net (% of energy use) | E52: 71.454225 | F52: 71.856461 | G52: 79.370736 | H52: 78.087848 | I52: 69.399757 | J52: 79.354063 | K52: 79.273754 | L52: 78.013913 | M52: 81.445078 | N52: 75.945719 | O52: 80.223884 | P52: 78.830597 | Q52: 81.085489 | R52: 76.405794 | S52: 82.024306 | T52: 76.342928 | U52: 80.843239 | V52: 80.602586 | W52: 82.611123 | X52: 75.220602 | Y52: 76.993242 | Z52: 73.105016 | AA52: 73.086318 | AB52: 69.139008 | AC52: 72.993401 | AD52: 79.074365 | AE52: 81.383038 | AF52: 81.852281 | AG52: 82.022912 | AH52: 87.498999 | AI52: 91.212316 | AJ52: 84.557073 | AK52: 92.90814
A53: Guatemala | B53: Energy imports, net (% of energy use) | E53: 26.332373 | F53: 29.864503 | G53: 30.334118 | H53: 30.248063 | I53: 33.729241 | J53: 32.70088 | K53: 26.849392 | L53: 23.200801 | M53: 27.34173 | N53: 24.502212 | O53: 26.866533 | P53: 29.042003 | Q53: 24.505791 | R53: 23.956379 | S53: 20.03436 | T53: 31.668348 | U53: 29.043085 | V53: 33.190132 | W53: 28.605229 | X53: 32.31979 | Y53: 29.061747 | Z53: 29.886975 | AA53: 30.431136 | AB53: 31.635439 | AC53: 33.391602 | AD53: 39.175454 | AE53: 37.52162 | AF53: 35.511262 | AG53: 35.695302 | AH53: 42.437555 | AI53: 34.729401 | AJ53: 39.921906 | AK53: 38.364017
A54: Honduras | B54: Energy imports, net (% of energy use) | E54: 29.627251 | F54: 32.014406 | G54: 33.203911 | H54: 33.909854 | I54: 39.277815 | J54: 43.011544 | K54: 42.265966 | L54: 39.736749 | M54: 42.897772 | N54: 49.686942 | O54: 50.294869 | P54: 53.768218 | Q54: 56.314448 | R54: 55.400279 | S54: 56.428054 | T54: 53.24604 | U54: 53.271995 | V54: 53.284075 | W54: 51.722383 | X54: 49.102182 | Y54: 48.802748 | Z54: 51.831509 | AA54: 51.664641 | AB54: 53.77734 | AC54: 51.949168 | AD54: 43.675177 | AE54: 46.318741 | AF54: 61.55304 | AG54: 51.613629 | AH54: 54.048181 | AI54: 52.210376 | AJ54: 54.81346 | AK54: 55.511719
A55: Hong Kong, China | B55: Energy imports, net (% of energy use) | E55: 127.26613 | F55: 121.39037 | G55: 125.43468 | H55: 138.01844 | I55: 137.00727 | J55: 144.1052 | K55: 148.17389 | L55: 150.52393 | M55: 144.29077 | N55: 141.49505 | O55: 140.76248 | P55: 149.57885 | Q55: 166.61003 | R55: 162.64856 | S55: 203.44217 | T55: 182.17316 | U55: 193.81443 | V55: 193.80645 | W55: 185.8849 | X55: 209.03728 | Y55: 234.04442 | Z55: 207.10374 | AA55: 202.98684 | AB55: 209.12912 | AC55: 200.94786 | AD55: 203.74197 | AE55: 202.96809 | AF55: 230.01864 | AG55: 226.60575 | AH55: 220.53672 | AI55: 191.26544 | AJ55: 181.84809 | AK55: 175.70651
A56: Hungary | B56: Energy imports, net (% of energy use) | E56: 49.197855 | F56: 46.063416 | G56: 44.443821 | H56: 47.656377 | I56: 47.071584 | J56: 48.059013 | K56: 51.567952 | L56: 51.649105 | M56: 55.006531 | N56: 53.839403 | O56: 55.477055 | P56: 53.825463 | Q56: 57.32707 | R56: 62.538526 | S56: 61.580101 | T56: 62.87577 | U56: 62.35916 | V56: 60.750154 | W56: 63.231347 | X56: 58.169667 | Y56: 57.013496 | Z56: 50.416195 | AA56: 50.184861 | AB56: 50.090815 | AC56: 59.731733 | AD56: 53.836855 | AE56: 55.803331 | AF56: 62.73206 | AG56: 58.363385 | AH56: 69.812667 | AI56: 56.406877 | AJ56: 53.964909 | AK56: 64.444715
A57: Iceland | B57: Energy imports, net (% of energy use) | X57: 20.488914
A58: India | B58: Energy imports, net (% of energy use) | E58: 11.302943 | F58: 12.000667 | G58: 13.879986 | H58: 14.324885 | I58: 14.034293 | J58: 15.387787 | K58: 16.962491 | L58: 17.940018 | M58: 19.34307 | N58: 21.326073 | O58: 21.884802 | P58: 21.607118 | Q58: 22.196927 | R58: 22.352892 | S58: 23.051162 | T58: 24.740371 | U58: 26.047314 | V58: 27.060126 | W58: 28.455574 | X58: 29.342648 | Y58: 30.221921 | Z58: 31.160959 | AA58: 32.822839 | AB58: 34.024001 | AC58: 36.542303 | AD58: 37.282782 | AE58: 37.387419 | AF58: 37.471311 | AG58: 37.584347 | AH58: 39.299698 | AI58: 37.481253 | AJ58: 35.03558 | AK58: 36.529412
A59: Indonesia | B59: Energy imports, net (% of energy use) | E59: -81.539659 | F59: -88.62658 | G59: -85.062158 | H59: -72.834193 | I59: -85.726338 | J59: -72.777054 | K59: -73.687408 | L59: -70.587392 | M59: -76.466326 | N59: -74.47161 | O59: -64.240363 | P59: -63.352323 | Q59: -61.299688 | R59: -66.008075 | S59: -60.838444 | T59: -67.876549 | U59: -86.12354 | V59: -90.796153 | W59: -90.42675 | X59: -92.426966 | Y59: -103.50956 | Z59: -131.5766 | AA59: -130.29826 | AB59: -134.04516 | AC59: -122.68942 | AD59: -109.27149 | AE59: -106.48518 | AF59: -100.40141 | AG59: -98.013276 | AH59: -99.181649 | AI59: -86.947973 | AJ59: -84.937055 | AK59: -82.919276
A60: Iran, Islamic Rep. | B60: Energy imports, net (% of energy use) | E60: -169.65511 | F60: -159.50136 | G60: -164.35484 | H60: -160.30921 | I60: -137.95616 | J60: -133.57539 | K60: -139.57855 | L60: -116.43417 | M60: -115.44766 | N60: -97.013529 | O60: -105.87187 | P60: -87.104963 | Q60: -84.661201 | R60: -95.806601 | S60: -87.443383 | T60: -80.216691 | U60: -76.905098 | V60: -74.323306 | W60: -64.067446 | X60: -60.408838 | Y60: -64.113705 | Z60: -64.580689 | AA60: -36.985008 | AB60: -33.641798 | AC60: -27.833805 | AD60: -32.565071 | AE60: -55.215547 | AF60: -53.597696 | AG60: -49.788759 | AH60: -27.242127 | AI60: -22.077373 | AJ60: -26.519377 | AK60: -32.494459
A61: Iraq | B61: Energy imports, net (% of energy use) | E61: -448.2342 | F61: -20.159268 | G61: -20.17399 | H61: -17.338172 | I61: -17.66515 | J61: -19.769883 | K61: -24.938901 | L61: -103.50263 | M61: -283.88027 | N61: -476.94733 | O61: -403.30887 | P61: -344.92069 | Q61: -302.20522 | R61: -215.42366 | S61: -282.71316 | T61: -258.77067 | U61: -286.21367 | V61: -307.47136 | W61: -319.45233 | X61: -309.52116 | Y61: -274.59113 | Z61: -287.89286 | AA61: -290.00243 | AB61: -275.50503 | AC61: -307.6762 | AD61: -392.88619 | AE61: -451.10195 | AF61: -404.95884 | AG61: -362.54508 | AH61: -357.47164 | AI61: -340.43562 | AJ61: -287.4206 | AK61: -274.87736
A62: Ireland | B62: Energy imports, net (% of energy use) | E62: 71.097702 | F62: 69.487864 | G62: 68.717759 | H62: 70.152874 | I62: 67.420593 | J62: 72.603379 | K62: 74.141799 | L62: 80.150817 | M62: 84.413932 | N62: 88.829432 | O62: 89.258813 | P62: 94.823809 | Q62: 94.375341 | R62: 95.119032 | S62: 95.697262 | T62: 94.964511 | U62: 96.399128 | V62: 94.211874 | W62: 96.519524 | X62: 92.739081 | Y62: 92.123786 | Z62: 95.524361 | AA62: 89.722296 | AB62: 94.599093 | AC62: 91.279179 | AD62: 95.231581 | AE62: 74.225524 | AF62: 71.404705 | AG62: 73.328158 | AH62: 75.413816 | AI62: 74.191047 | AJ62: 80.643782 | AK62: 85.981529
A63: Israel | B63: Energy imports, net (% of energy use) | E63: 99.455267 | F63: 100.17253 | G63: 104.38959 | H63: 101.53034 | I63: 91.875279 | J63: 102.25544 | K63: 93.89051 | L63: 100.0858 | M63: 105.55928 | N63: 99.696879 | O63: 99.63688 | P63: 100.83994 | Q63: 104.46871 | R63: 101.11008 | S63: 98.416843 | T63: 96.634135 | U63: 92.493164 | V63: 94.05204 | W63: 85.27415 | X63: 90.162175 | Y63: 88.287629 | Z63: 80.952671 | AA63: 95.569307 | AB63: 84.458595 | AC63: 76.574764 | AD63: 76.798804 | AE63: 68.574944 | AF63: 74.122093 | AG63: 68.004401 | AH63: 70.734379 | AI63: 43.340274 | AJ63: 28.729307 | AK63: 26.091561
A64: Italy | B64: Energy imports, net (% of energy use) | E64: 86.834248 | F64: 84.264303 | G64: 86.425119 | H64: 82.771744 | I64: 83.121417 | J64: 84.33186 | K64: 84.106171 | L64: 82.919472 | M64: 84.200324 | N64: 85.046412 | O64: 88.867904 | P64: 85.433535 | Q64: 87.914859 | R64: 85.364935 | S64: 86.79243 | T64: 85.723577 | U64: 88.475701 | V64: 85.67753 | W64: 85.491306 | X64: 83.303045 | Y64: 85.461879 | Z64: 84.122546 | AA64: 81.839032 | AB64: 79.294539 | AC64: 78.388161 | AD64: 79.587955 | AE64: 80.485051 | AF64: 81.178006 | AG64: 80.970722 | AH64: 82.227964 | AI64: 76.869519 | AJ64: 76.632978 | AK64: 83.629034
A65: Jamaica | B65: Energy imports, net (% of energy use) | E65: 95.953968 | F65: 94.946144 | G65: 93.954976 | H65: 95.800385 | I65: 97.756164 | J65: 94.369171 | K65: 90.276754 | L65: 95.695951 | M65: 94.522299 | N65: 94.363845 | O65: 103.32809 | P65: 99.394549 | Q65: 97.505623 | R65: 101.82857 | S65: 99.17138 | W65: 105.12362 | X65: 103.83808 | Y65: 101.35446 | Z65: 102.71022 | AA65: 100.15704 | AB65: 107.73716 | AC65: 105.27248 | AD65: 109.4372 | AE65: 108.19121 | AF65: 113.83416 | AG65: 109.22994 | AH65: 111.27757 | AI65: 116.00564 | AJ65: 116.92837 | AK65: 112.57532
A66: Japan | B66: Energy imports, net (% of energy use) | E66: 86.121144 | F66: 84.557212 | G66: 85.000239 | H66: 83.673648 | I66: 84.764525 | J66: 82.85876 | K66: 82.569729 | L66: 81.783503 | M66: 80.32208 | N66: 81.110383 | O66: 82.815836 | P66: 81.201679 | Q66: 82.988878 | R66: 85.478897 | S66: 83.774611 | T66: 83.464932 | U66: 82.365199 | V66: 84.310771 | W66: 84.214777 | X66: 80.616339 | Y66: 81.742535 | Z66: 90.819597 | AA66: 96.12222 | AB66: 95.672977 | AC66: 95.568427 | AD66: 94.839626 | AE66: 93.813282 | AF66: 93.088671 | AG66: 91.443739 | AH66: 90.559033 | AI66: 89.579603 | AJ66: 88.681726 | AK66: 89.970752
A67: Jordan | B67: Energy imports, net (% of energy use) | F67: 93.071103 | G67: 101.4582 | H67: 101.98326 | K67: 102.34167 | L67: 98.498742 | M67: 102.39082 | N67: 100.40494 | O67: 97.987414 | P67: 101.03526 | R67: 100.35088 | T67: 104.68741 | U67: 100.81336 | V67: 101.67525 | W67: 101.45149 | X67: 100.58798 | Y67: 103.19681 | Z67: 97.087937 | AA67: 103.44625 | AB67: 98.221688 | AC67: 102.39351 | AD67: 101.50265 | AE67: 101.2561 | AF67: 98.861658 | AG67: 96.998787 | AH67: 98.830745 | AI67: 93.204107 | AJ67: 92.334674 | AK67: 96.352328
A68: Kazakhstan | B68: Energy imports, net (% of energy use) | E68: -22.62999 | F68: -21.473025 | G68: -12.572 | H68: -19.800679 | I68: -21.818678 | J68: -21.707229 | K68: -39.909263 | L68: -65.377845 | M68: -64.10142 | N68: -86.427264 | O68: -120.09251 | P68: -134.33226 | Q68: -129.15433 | R68: -135.23349 | S68: -126.09711 | T68: -134.00547 | U68: -109.96655 | V68: -99.642336 | W68: -107.13312 | X68: -133.33151 | Y68: -123.58702 | Z68: -109.26819 | AA68: -119.07554 | AB68: -104.74399 | AC68: -144.96914 | AD68: -163.34709 | AE68: -138.72145 | AF68: -159.17986 | AG68: -138.05278 | AH68: -129.4511 | AI68: -140.24841 | AJ68: -129.43138 | AK68: -119.31064
A69: Kenya | B69: Energy imports, net (% of energy use) | E69: 20.783206 | F69: 19.482996 | G69: 19.459178 | H69: 21.254485 | I69: 21.387409 | J69: 18.883969 | K69: 17.962337 | L69: 21.237227 | M69: 24.169859 | N69: 24.661428 | O69: 25.669568 | P69: 22.606309 | Q69: 19.09897 | R69: 16.738576 | S69: 20.363706 | T69: 20.126791 | U69: 20.715357 | V69: 20.275305 | W69: 21.463409 | X69: 22.574231 | Y69: 22.488265 | Z69: 22.922152 | AA69: 20.868036 | AB69: 20.294565 | AC69: 21.170818 | AD69: 21.515757 | AE69: 22.170144 | AF69: 23.144158 | AG69: 23.113377 | AH69: 22.909546 | AI69: 21.128939 | AJ69: 22.73697 | AK69: 22.437621
A70: Korea, Rep. | B70: Energy imports, net (% of energy use) | E70: 76.631166 | F70: 81.260821 | G70: 85.958685 | H70: 87.871917 | I70: 92.420545 | J70: 90.705337 | K70: 92.702072 | L70: 93.386282 | M70: 89.383565 | N70: 88.448233 | O70: 88.862697 | P70: 87.872745 | Q70: 86.504119 | R70: 87.34229 | S70: 87.72249 | T70: 83.437203 | U70: 86.808836 | V70: 85.362446 | W70: 85.598357 | X70: 86.2664 | Y70: 88.080625 | Z70: 87.230541 | AA70: 86.546683 | AB70: 88.080185 | AC70: 86.869391 | AD70: 86.730063 | AE70: 86.937632 | AF70: 88.471037 | AG70: 89.469768 | AH70: 88.156299 | AI70: 84.517741 | AJ70: 84.903526 | AK70: 85.499785
A71: Kuwait | B71: Energy imports, net (% of energy use) | E71: -457.39811 | F71: -291.30823 | G71: -577.59391 | H71: -767.25961 | I71: -687.55317 | J71: -674.47262 | K71: -689.1794 | L71: -679.8375 | M71: -597.28862 | N71: -497.21743 | O71: -513.18095 | P71: -462.57129 | Q71: -401.25647 | R71: -460.65471 | S71: -452.24359 | X71: -341.33713 | Y71: -308.02156 | Z71: -370.74526 | AA71: -397.64211 | AB71: -399.28576 | AC71: -427.52321 | AD71: -356.95928 | AE71: -357.43113 | AF71: -316.1917 | AG71: -301.77314 | AH71: -338.02166 | AI71: -295.77309 | AJ71: -309.06919 | AK71: -283.09662
A72: Kyrgyz Republic | B72: Energy imports, net (% of energy use) | E72: 67.761808 | F72: 65.182096 | G72: 64.733222 | H72: 59.647272 | I72: 48.006701 | J72: 52.70782 | K72: 56.962804 | L72: 48.003721 | M72: 61.64367 | N72: 45.981882 | O72: 40.556019 | P72: 38.17386 | Q72: 53.872628 | R72: 49.598896 | S72: 49.655101 | T72: 53.860002 | U72: 60.864441 | V72: 62.937086 | W72: 74.603631 | X72: 70.289159 | Y72: 64.803296 | Z72: 50.67825 | AA72: 60.576417 | AB72: 57.604438 | AC72: 54.101898 | AD72: 64.686261 | AE72: 52.826682 | AF72: 48.955228 | AG72: 48.161932 | AH72: 38.862478 | AI72: 40.245142 | AJ72: 40.614231 | AK72: 33.781567
A73: Lao PDR | B73: Energy imports, net (% of energy use) | O73: 2.3675126 | P73: 3.3519949 | Q73: 4.0382469 | R73: 6.843939 | S73: 6.2433643 | T73: 6.4272472 | U73: 11.834231 | V73: 14.385272 | W73: 14.252698 | X73: 18.987134 | Y73: 3.4066733 | Z73: -9.5772081 | AA73: -5.810015 | AB73: -8.6758287 | AC73: -5.3121914 | AD73: 3.8541588 | AE73: -10.496566 | AF73: -18.444087 | AG73: -21.792894 | AH73: -20.588595 | AI73: -39.725539 | AJ73: -46.223622 | AK73: -49.021356
A74: Latvia | B74: Energy imports, net (% of energy use) | E74: 94.636943 | F74: 88.042947 | G74: 90.166486 | H74: 74.262955 | I74: 76.823296 | J74: 73.098127 | K74: 76.425564 | L74: 61.626729 | M74: 61.272116 | N74: 56.421079 | O74: 61.533715 | P74: 62.508495 | Q74: 62.190224 | R74: 66.642182 | S74: 73.367018 | T74: 68.441761 | U74: 70.484925 | V74: 65.891797 | W74: 62.733417 | X74: 65.512285 | Y74: 49.206391 | Z74: 64.470192 | AA74: 60.911111 | AB74: 60.480063 | AC74: 43.707388 | AD74: 55.532959 | AE74: 52.081849 | AF74: 48.188683 | AG74: 46.265424 | AH74: 48.418637 | AI74: 48.602753 | AJ74: 41.023753 | AK74: 40.397127
A75: Lebanon | B75: Energy imports, net (% of energy use) | AB75: 100.19276 | AF75: 100.79001 | AG75: 100.73342 | AH75: 100.20603 | AI75: 97.532797 | AJ75: 97.961751 | AK75: 96.92346
A76: Libya | B76: Energy imports, net (% of energy use) | E76: -551.62304 | F76: -617.36572 | G76: -588.78192 | H76: -530.27237 | I76: -464.45639 | J76: -449.39526 | K76: -428.53268 | L76: -427.43311 | M76: -429.49892 | N76: -382.27393 | O76: -378.51032 | P76: -351.55117 | Q76: -337.41618 | R76: -368.64105 | S76: -419.06772 | T76: -436.8278 | U76: -534.24749 | V76: -645.47747 | W76: -562.96853 | X76: -466.66873 | Y76: -404.4837 | Z76: -95.193919 | AA76: -366.89178 | AB76: -282.82257 | AC76: -74.021661 | AD76: -78.202535 | AE76: -75.233249 | AF76: -172.41732 | AG76: -249.99635 | AH76: -228.66016 | AI76: -143.17727 | AJ76: -328.08093 | AK76: -249.72701
A77: Lithuania | B77: Energy imports, net (% of energy use) | E77: 72.414444 | F77: 72.040903 | G77: 62.410411 | H77: 57.610809 | I77: 66.014889 | J77: 63.912499 | K77: 52.990871 | L77: 55.497838 | M77: 49.927668 | N77: 53.475532 | O77: 59.115736 | P77: 46.784381 | Q77: 41.681439 | R77: 43.708002 | S77: 46.614689 | T77: 57.107176 | U77: 62.382565 | V77: 61.064011 | W77: 57.900938 | X77: 49.99101 | Y77: 81.934339 | Z77: 81.49745 | AA77: 80.09641 | AB77: 78.011984 | AC77: 76.530232 | AD77: 77.68355 | AE77: 78.034927 | AF77: 75.129197 | AG77: 77.737571 | AH77: 79.092858 | AI77: 78.021758 | AJ77: 76.555143 | AK77: 76.166186
A78: Luxembourg | B78: Energy imports, net (% of energy use) | E78: 103.36423 | F78: 102.31203 | G78: 103.12529 | H78: 101.8344 | I78: 103.40616 | J78: 103.58492 | K78: 105.77402 | L78: 106.44423 | M78: 108.83554 | N78: 107.38674 | O78: 109.12136 | P78: 106.94483 | Q78: 108.71661 | R78: 108.33993 | S78: 107.58474 | T78: 106.9725 | U78: 107.40331 | V78: 106.64377 | W78: 107.56973 | X78: 107.84771 | Y78: 106.95985 | Z78: 106.67661 | AA78: 106.35829 | AB78: 106.22906 | AC78: 106.88749 | AD78: 107.74511 | AE78: 109.55505 | AF78: 110.17269 | AG78: 110.19238 | AH78: 109.51478 | AI78: 107.17547 | AJ78: 108.46239 | AK78: 110.29833
A79: Madagascar | B79: Energy imports, net (% of energy use) | E79: 12.485439 | F79: 13.378417 | G79: 12.706497 | H79: 12.677836 | I79: 16.302337 | J79: 13.051421 | K79: 14.106297 | L79: 14.964017 | M79: 16.407092 | N79: 15.360799 | O79: 15.906687 | P79: 15.313148 | Q79: 11.381809 | R79: 11.931268 | S79: 11.639574 | T79: 12.623092 | AF79: 13.700649
A80: Malaysia | B80: Energy imports, net (% of energy use) | E80: -121.97081 | F80: -94.665639 | G80: -85.454066 | H80: -73.076015 | I80: -77.954783 | J80: -83.411517 | K80: -81.812193 | L80: -64.151045 | M80: -73.579514 | N80: -67.98631 | O80: -56.709049 | P80: -51.95575 | Q80: -52.47972 | R80: -50.441783 | S80: -48.07805 | T80: -43.77821 | U80: -38.718912 | V80: -29.753934 | W80: -25.481199 | X80: -26.477672 | Y80: -19.484082 | Z80: -9.8634794 | AA80: -10.728788 | AB80: -1.0219604 | AC80: -1.316749 | AD80: -9.7860964 | AE80: -8.0938586 | AF80: -9.4661972 | AG80: -2.3163285 | AH80: 0.41944177 | AI80: 1.4599273 | AJ80: -0.73979782 | AK80: -0.57872669
A81: Malta | B81: Energy imports, net (% of energy use) | X81: 251.62294 | Y81: 282.24368 | Z81: 276.2351 | AA81: 247.82985 | AB81: 276.57986 | AC81: 264.1637 | AD81: 347.15182 | AE81: 419.05849 | AF81: 450.18146 | AG81: 437.49649 | AH81: 424.20782 | AI81: 417.46274 | AJ81: 376.57085 | AK81: 389.55284
A82: Mexico | B82: Energy imports, net (% of energy use) | E82: -56.184492 | F82: -55.674684 | G82: -53.579816 | H82: -53.696187 | I82: -48.441723 | J82: -52.170609 | K82: -55.940783 | L82: -56.45139 | M82: -52.515593 | N82: -46.802845 | O82: -47.587397 | P82: -47.579632 | Q82: -49.196815 | R82: -51.588828 | S82: -51.311261 | T82: -43.771855 | U82: -40.357074 | V82: -34.27833 | W82: -25.823201 | X82: -23.086718 | Y82: -22.451612 | Z82: -17.629416 | AA82: -11.711054 | AB82: -10.433447 | AC82: -7.8757256 | AD82: -0.83822344 | AE82: 4.9338372 | AF82: 11.434042 | AG82: 16.791318 | AH82: 18.29944 | AI82: 10.88955 | AJ82: 15.311756 | AK82: 21.105076
A83: Moldova | B83: Energy imports, net (% of energy use) | E83: 99.963305 | F83: 99.400263 | G83: 98.160545 | H83: 93.722115 | J83: 99.483219 | K83: 94.558304 | L83: 100.50159 | Q83: 96.87189 | R83: 98.156413 | S83: 96.681848 | T83: 97.085181 | U83: 96.522154 | V83: 98.067376 | W83: 97.117118 | X83: 96.959356 | Y83: 84.372538 | Z83: 85.638973 | AA83: 84.016209 | AB83: 82.426345 | AC83: 81.784688 | AD83: 82.57387 | AE83: 81.90813 | AF83: 80.883147 | AG83: 81.977512 | AH83: 84.157587 | AI83: 84.095857 | AJ83: 83.750421 | AK83: 86.563666
A84: Mongolia | B84: Energy imports, net (% of energy use) | E84: 20.538467 | F84: 14.415801 | G84: 12.908654 | J84: 18.033821 | K84: 19.477496 | L84: 20.468112 | M84: 20.635646 | N84: 19.373492 | O84: 20.209561 | P84: 20.012814 | Q84: 19.525716 | R84: 21.557376 | S84: 22.820682 | T84: -29.702201 | U84: -30.653938 | V84: -42.20132 | W84: -58.498678 | X84: -117.29551 | Y84: -277.86146 | Z84: -247.8712 | AA84: -300.9508 | AB84: -231.99548 | AC84: -248.65618 | AD84: -210.64976 | AE84: -327.32473 | AF84: -374.49136 | AG84: -364.04723 | AH84: -269.08596 | AI84: -224.96556 | AJ84: -115.04009 | AK84: -226.42703
A85: Morocco | B85: Energy imports, net (% of energy use) | E85: 85.346592 | F85: 81.28936 | G85: 88.061274 | H85: 86.295838 | I85: 87.460499 | J85: 88.34463 | K85: 84.649681 | L85: 89.250384 | M85: 89.337506 | N85: 88.020804 | O85: 90.137099 | P85: 94.801273 | Q85: 88.157466 | R85: 91.416252 | S85: 83.343074 | T85: 86.81927 | U85: 87.458485 | V85: 91.897611 | W85: 89.618584 | X85: 93.605032 | Y85: 95.927097 | Z85: 95.435533 | AA85: 103.80375 | AB85: 99.661036 | AC85: 102.78752 | AD85: 96.036653 | AE85: 94.925097 | AF85: 95.127932 | AG85: 96.286828 | AH85: 92.427284 | AI85: 90.73217 | AJ85: 91.355701 | AK85: 94.002012
A86: Mozambique | B86: Energy imports, net (% of energy use) | E86: 6.3472754 | F86: 5.8572651 | G86: 6.3294344 | H86: 6.6983519 | I86: 6.3539643 | J86: 6.3365483 | K86: 6.0480287 | L86: 6.2508431 | M86: 1.3040931 | N86: -2.1277343 | O86: -0.2694557 | P86: 0.92847807 | Q86: -0.95383441 | R86: 5.2835994 | S86: -7.3911153 | T86: -18.02918 | U86: -20.99052 | V86: -25.031741 | W86: -27.671039 | X86: -25.20917 | Y86: -28.806134 | Z86: -21.513672 | AA86: -32.040177 | AB86: -38.854847 | AC86: -44.254345 | AD86: -44.355366 | AE86: -73.747221 | AF86: -123.05939 | AG86: -110.81296 | AH86: -82.456795 | AI86: -63.540993 | AJ86: -74.311435 | AK86: -106.35243
A87: Myanmar | B87: Energy imports, net (% of energy use) | E87: 0.084524805 | F87: 0.82114091 | G87: 1.6627738 | H87: 2.6476284 | I87: 3.3470125 | J87: 5.5721156 | K87: 5.718138 | L87: 7.8396448 | M87: 2.2855306 | N87: -9.3477072 | O87: -20.456744 | P87: -26.110851 | Q87: -28.80726 | R87: -30.947554 | S87: -36.293517 | T87: -49.471924 | U87: -49.464238 | V87: -50.241827 | W87: -49.932816 | X87: -54.236066 | Y87: -63.347749 | Z87: -60.70904 | AA87: -48.016473 | AB87: -41.595194 | AC87: -43.45113 | AD87: -49.938884 | AE87: -45.853433 | AF87: -26.825719 | AG87: -21.45296 | AH87: -23.663233 | AI87: -21.885312 | AJ87: -26.925137 | AK87: -19.025954
A88: Namibia | B88: Energy imports, net (% of energy use) | F88: 59.924636 | G88: 64.244836 | H88: 68.731266 | I88: 74.847726 | J88: 71.046602 | K88: 75.759707 | L88: 77.463382 | M88: 74.896912 | N88: 73.330563 | O88: 68.657022 | P88: 72.802618 | Q88: 68.935098 | R88: 70.740398 | S88: 69.030213 | T88: 69.125962 | U88: 70.023358 | V88: 69.304678 | W88: 70.101237 | X88: 70.965973 | Y88: 75.53256 | Z88: 75.646125 | AA88: 73.554204 | AB88: 76.675506 | AC88: 74.664036 | AD88: 77.541285 | AE88: 76.785714 | AF88: 73.892939 | AG88: 77.542121 | AH88: 71.534119 | AI88: 63.897133 | AJ88: 65.49142 | AK88: 60.499899
A89: Nepal | B89: Energy imports, net (% of energy use) | E89: 5.2688678 | F89: 6.319049 | G89: 6.7546378 | H89: 7.196902 | I89: 8.4646298 | J89: 9.0698196 | K89: 9.3498859 | L89: 10.454839 | M89: 10.799976 | N89: 13.324378 | O89: 12.653016 | P89: 12.868032 | Q89: 10.586417 | R89: 10.98251 | S89: 10.424271 | T89: 11.432225 | U89: 9.5447698 | V89: 9.5066809 | W89: 10.691648 | X89: 12.104064 | Y89: 13.851962 | Z89: 14.39117 | AA89: 17.198087 | AB89: 16.926275 | AC89: 18.539767 | AD89: 16.842349 | AE89: 23.063471 | AF89: 25.907525 | AG89: 28.056569 | AH89: 26.828449 | AI89: 29.159633 | AJ89: 29.261225 | AK89: 27.413725
A90: Netherlands | B90: Energy imports, net (% of energy use) | E90: 27.678141 | F90: 22.167577 | G90: 22.516557 | H90: 20.922641 | I90: 26.409313 | J90: 24.395004 | K90: 20.840696 | L90: 31.224107 | M90: 34.670531 | N90: 37.587956 | O90: 46.482049 | P90: 42.009291 | Q90: 42.74944 | R90: 46.518875 | S90: 39.061267 | T90: 46.542741 | U90: 48.12533 | V90: 47.041387 | W90: 41.978998 | X90: 41.843165 | Y90: 34.041784 | Z90: 36.308396 | AA90: 37.26481 | AB90: 28.843921 | AC90: 38.135037 | AD90: 58.819997 | AE90: 55.488296 | AF90: 62.324862 | AG90: 71.684893 | AH90: 78.25449 | AI90: 81.760382 | AJ90: 69.946222 | AK90: 99.358765
A91: New Zealand | B91: Energy imports, net (% of energy use) | E91: 16.313418 | F91: 14.34342 | G91: 14.851992 | H91: 14.211229 | I91: 18.72422 | J91: 20.321389 | K91: 18.046033 | L91: 16.110219 | M91: 21.453778 | N91: 19.847202 | O91: 19.547953 | P91: 19.148231 | Q91: 21.606475 | R91: 26.111646 | S91: 30.557269 | T91: 29.205299 | U91: 28.433016 | V91: 25.305341 | W91: 16.853235 | X91: 19.515838 | Y91: 16.103318 | Z91: 19.082206 | AA91: 19.907116 | AB91: 24.358242 | AC91: 22.429508 | AD91: 23.878275 | AE91: 28.760951 | AF91: 28.825978 | AG91: 33.517885 | AH91: 31.844273 | AI91: 30.645787 | AJ91: 29.393245 | AK91: 28.821421
A92: Nicaragua | B92: Energy imports, net (% of energy use) | E92: 31.656448 | F92: 29.798574 | G92: 34.392365 | H92: 34.036817 | I92: 31.384932 | J92: 38.649684 | K92: 40.810687 | L92: 40.585392 | M92: 46.72639 | N92: 45.41835 | O92: 46.053619 | P92: 50.265572 | Q92: 48.441486 | R92: 51.529343 | S92: 47.838319 | T92: 47.799466 | U92: 49.54812 | V92: 50.359058 | W92: 45.01384 | X92: 47.617357 | Y92: 43.561333 | Z92: 51.180701 | AA92: 43.831 | AB92: 42.735676 | AC92: 39.83106 | AD92: 46.190712 | AE92: 43.171383 | AF92: 44.457334 | AG92: 41.01428 | AH92: 44.588333 | AI92: 40.60588 | AJ92: 41.809654 | AK92: 46.491018
A93: Niger | B93: Energy imports, net (% of energy use) | S93: 14.121005 | T93: 13.25444 | U93: 13.097376 | V93: 15.843983 | W93: 15.243805 | X93: 17.743276 | Y93: 20.02335 | AA93: -0.13978719 | AB93: -4.0978007 | AC93: -3.838748 | AD93: -0.33491398 | AE93: -2.7524588 | AF93: -8.3574134 | AG93: -4.3116914 | AH93: -2.6244967 | AI93: -3.411816 | AJ93: -2.6656385 | AK93: 5.4055785
A94: Nigeria | B94: Energy imports, net (% of energy use) | E94: -284.44628 | F94: -276.55194 | G94: -270.61031 | H94: -274.48214 | I94: -314.28653 | J94: -318.8153 | K94: -328.64645 | L94: -333.39962 | M94: -302.14154 | N94: -297.5127 | O94: -317.89004 | P94: -314.40166 | Q94: -261.48516 | R94: -284.28943 | S94: -323.22386 | T94: -288.28096 | U94: -294.18594 | V94: -295.57471 | W94: -257.74781 | X94: -270.90825 | Y94: -225.73813 | Z94: -184.42508 | AA94: -200.6993 | AB94: -169.48947 | AC94: -167.99707 | AD94: -184.44919 | AE94: -139.57655 | AF94: -151.92704 | AG94: -170.33824 | AH94: -145.34263 | AI94: -111.87802 | AJ94: -82.297076 | AK94: -66.288101
A95: North Macedonia | B95: Energy imports, net (% of energy use) | E95: 48.877661 | F95: 50.096423 | G95: 44.645273 | H95: 46.963559 | I95: 34.960787 | J95: 41.839629 | K95: 44.006823 | L95: 41.837352 | M95: 42.888086 | N95: 36.844517 | O95: 41.160144 | P95: 39.073044 | Q95: 46.721606 | R95: 39.117964 | S95: 42.085627 | T95: 42.906543 | U95: 44.67396 | V95: 47.557413 | W95: 46.315649 | X95: 45.176692 | Y95: 44.19452 | Z95: 45.412408 | AA95: 48.392147 | AB95: 46.878743 | AC95: 51.765227 | AD95: 52.524407 | AE95: 59.178789 | AF95: 56.809794 | AG95: 58.43915 | AH95: 58.95571 | AI95: 63.933758 | AJ95: 68.121873 | AK95: 63.879687
A96: Norway | B96: Energy imports, net (% of energy use) | E96: -454.24517 | F96: -501.87322 | G96: -558.65743 | H96: -552.27694 | I96: -633.72899 | J96: -680.4996 | K96: -799.91983 | L96: -779.50195 | M96: -716.2823 | N96: -691.6421 | O96: -765.54739 | P96: -747.38891 | Q96: -837.88546 | R96: -761.19181 | S96: -726.18069 | T96: -689.30759 | U96: -652.14192 | V96: -679.34679 | W96: -615.6529 | X96: -626.35898 | Y96: -557.91525 | Z96: -620.25789 | AA96: -598.42421 | AB96: -535.34115 | AC96: -596.99926 | AD96: -719.20854 | AE96: -647.76329 | AF96: -626.86076 | AG96: -597.26523 | AH96: -596.95879 | AI96: -648.65906 | AJ96: -647.63255 | AK96: -746.71937
A97: Oman | B97: Energy imports, net (% of energy use) | E97: -798.2724 | F97: -589.99347 | G97: -676.03585 | H97: -631.76487 | I97: -663.40323 | J97: -693.1391 | K97: -699.92577 | L97: -664.78818 | M97: -662.62565 | N97: -662.02958 | O97: -700.15191 | P97: -744.4886 | Q97: -665.29667 | R97: -604.85882 | S97: -557.40762 | T97: -498.3956 | U97: -290.34127 | V97: -233.6664 | W97: -270.02229 | X97: -286.98173 | Y97: -253.01942 | Z97: -211.23262 | AA97: -199.35387 | AB97: -205.44031 | AC97: -199.82528 | AD97: -200.50498 | AE97: -217.04405 | AF97: -191.6701 | AG97: -209.92024 | AH97: -240.70024 | AI97: -204.88041 | AJ97: -202.89829 | AK97: -213.62942
A98: Pakistan | B98: Energy imports, net (% of energy use) | E98: 21.467513 | F98: 19.805821 | G98: 20.923647 | H98: 22.430913 | I98: 24.817231 | J98: 24.393647 | K98: 25.924861 | L98: 27.383794 | M98: 26.998435 | N98: 27.179212 | O98: 27.075244 | P98: 25.155585 | Q98: 24.391055 | R98: 20.797357 | S98: 21.055165 | T98: 20.489385 | U98: 23.105739 | V98: 24.287002 | W98: 24.519869 | X98: 23.898252 | Y98: 24.165498 | Z98: 23.033536 | AA98: 23.090167 | AB98: 23.74263 | AC98: 26.345437 | AD98: 29.004593 | AE98: 33.382099 | AF98: 39.147841 | AG98: 35.525706 | AH98: 33.516243 | AI98: 38.953724 | AJ98: 41.58482 | AK98: 39.792551
A99: Panama | B99: Energy imports, net (% of energy use) | E99: 166.54011 | F99: 175.20441 | G99: 171.5638 | H99: 173.10242 | I99: 177.97412 | J99: 172.64705 | K99: 172.2649 | L99: 184.77533 | M99: 176.67942 | N99: 173.99928 | O99: 188.80384 | P99: 185.45703 | Q99: 181.94619 | R99: 189.55368 | S99: 179.17788 | T99: 165.9288 | U99: 173.203 | V99: 151.30009 | W99: 192.90197 | X99: 169.4528 | Y99: 167.29346 | Z99: 163.95341 | AA99: 168.58172 | AB99: 168.3766 | AC99: 163.60963 | AD99: 170.01177 | AE99: 182.57015 | AF99: 194.35969 | AG99: 194.97222 | AH99: 203.13481 | AI99: 148.02803 | AJ99: 152.64129 | AK99: 171.18649
A100: Paraguay | B100: Energy imports, net (% of energy use) | E100: -48.129265 | F100: -53.747647 | G100: -43.523782 | H100: -49.216253 | I100: -48.66078 | J100: -55.409002 | K100: -60.965121 | L100: -61.156509 | M100: -58.285594 | N100: -64.535635 | O100: -75.676646 | P100: -56.17929 | Q100: -60.767443 | R100: -67.471824 | S100: -64.943664 | T100: -66.251393 | U100: -70.339949 | V100: -71.048751 | W100: -64.930089 | X100: -56.127565 | Y100: -48.295734 | Z100: -51.173513 | AA100: -50.643719 | AB100: -50.842854 | AC100: -34.508828 | AD100: -27.079081 | AE100: -26.95316 | AF100: -18.440097 | AG100: -12.475059 | AH100: -1.4769521 | AI100: 0.79933452 | AJ100: 10.279968 | AK100: 5.6514977
...

Sheet glued
A1: Entity | B1: Year | C1: Primary energy consumption per capita (kWh/person) | D1: Value_co2_emissions_kt_by_country | E1: Electricity from fossil fuels (TWh) | F1: Electricity from renewables (TWh) | G1: Low-carbon electricity (% electricity) | H1: Density\n(P/Km2) | I1: Access to electricity (% of population) | J1: Renewables (% equivalent primary energy) | K1: gdp_growth | L1: gdp_per_capita | M1: Land Area(Km2) | N1: Latitude | O1: Longitude | P1: Energy imports, net (% of energy use)
A2: Afghanistan | B2: 2019 | C2: 802.61255 | D2: 6079.9999 | E2: 0.18 | F2: 0.89 | G2: 83.17757 | H2: 60 | I2: 97.7 | K2: 3.9116034 | L2: 494.17935 | M2: 652230 | N2: 33.93911 | O2: 67.709953 | P2: =VLOOKUP(A2, imports_filtered!$A$2:$C$1000, 2, 0) -> #N/A
A3: Albania | B3: 2019 | C3: 11585.555 | D3: 4829.9999 | E3: 0 | F3: 5.17 | G3: 100 | H3: 105 | I3: 100 | K3: 2.11342 | L3: 5395.6595 | M3: 28748 | N3: 41.153332 | O3: 20.168331 | P3: =VLOOKUP(A3, imports_filtered!$A$2:$C$1000, 2, 0) -> 32.231803
A4: Algeria | B4: 2019 | C4: 16259.053 | D4: 171250 | E4: 75.85 | F4: 0.84 | G4: 1.0953188 | H4: 18 | I4: 99.5 | J4: 0.29474697 | K4: 1 | L4: 3989.6683 | M4: 2381741 | N4: 28.033886 | O4: 1.659626 | P4: =VLOOKUP(A4, imports_filtered!$A$2:$C$1000, 2, 0) -> -133.35275
A5: Angola | B5: 2019 | C5: 3667.4238 | D5: 25209.999 | E5: 4.38 | F5: 11.02 | G5: 71.55844 | H5: 26 | I5: 45.6428 | K5: -0.62464432 | L5: 2809.6261 | M5: 1246700 | N5: -11.202692 | O5: 17.873887 | P5: =VLOOKUP(A5, imports_filtered!$A$2:$C$1000, 2, 0) -> -488.93284
A6: Antigua and Barbuda | B6: 2019 | C6: 33027.516 | D6: 519.99998 | E6: 0.33 | F6: 0.01 | G6: 2.9411764 | H6: 223 | I6: 100 | K6: 4.8622362 | L6: 17376.65 | M6: 443 | N6: 17.060816 | O6: -61.796428 | P6: =VLOOKUP(A6, imports_filtered!$A$2:$C$1000, 2, 0) -> #N/A
A7: Argentina | B7: 2019 | C7: 20725.168 | D7: 168100.01 | E7: 90.56 | F7: 34.63 | G7: 31.991589 | H7: 17 | I7: 100 | J7: 11.926772 | K7: -2.0259342 | L7: 10056.638 | M7: 2780400 | N7: -38.416097 | O7: -63.616672 | P7: =VLOOKUP(A7, imports_filtered!$A$2:$C$1000, 2, 0) -> 2.4916771
A8: Armenia | B8: 2019 | C8: 16179.096 | D8: 6170.0001 | E8: 2.86 | F8: 2.41 | G8: 60.821915 | H8: 104 | I8: 100 | K8: 7.6 | L8: 4604.6463 | M8: 29743 | N8: 40.069099 | O8: 45.038189 | P8: =VLOOKUP(A8, imports_filtered!$A$2:$C$1000, 2, 0) -> 74.170785
A9: Aruba | B9: 2019 | C9: 51107.844 | E9: 0.77 | F9: 0.15 | G9: 16.304348 | H9: 590 | I9: 100 | M9: 179 | N9: 12.52111 | O9: -69.96833 | P9: =VLOOKUP(A9, imports_filtered!$A$2:$C$1000, 2, 0) -> #N/A
A10: Australia | B10: 2019 | C10: 66263.54 | D10: 386530 | E10: 196.45 | F10: 53.41 | G10: 21.37597 | H10: 3 | I10: 100 | J10: 8.880722 | K10: 2.1131494 | L10: 54875.286 | M10: 7741220 | N10: -25.274398 | O10: 133.77514 | P10: =VLOOKUP(A10, imports_filtered!$A$2:$C$1000, 2, 0) -> -230.54025
A11: Austria | B11: 2019 | C11: 48314.258 | D11: 64769.997 | E11: 16.22 | F11: 54.64 | G11: 77.109795 | H11: 109 | I11: 100 | J11: 35.611378 | K11: 1.4912109 | L11: 50114.401 | M11: 83871 | N11: 47.516231 | O11: 14.550072 | P11: =VLOOKUP(A11, imports_filtered!$A$2:$C$1000, 2, 0) -> 74.476282
A12: Azerbaijan | B12: 2019 | C12: 17546.781 | D12: 35509.998 | E12: 22.91 | F12: 1.69 | G12: 6.869919 | H12: 123 | I12: 100 | J12: 2.674584 | K12: 2.5 | L12: 4805.7537 | M12: 86600 | N12: 40.143105 | O12: 47.576927 | P12: =VLOOKUP(A12, imports_filtered!$A$2:$C$1000, 2, 0) -> -274.41746
A13: Bahamas | B13: 2019 | C13: 39636.066 | E13: 2.1 | F13: 0 | G13: 0 | H13: 41 | I13: 100 | M13: 13878 | N13: 25.025885 | O13: -78.035889 | P13: =VLOOKUP(A13, imports_filtered!$A$2:$C$1000, 2, 0) -> #N/A
A14: Bahrain | B14: 2019 | C14: 155398.47 | D14: 33259.998 | E14: 31.43 | F14: 0.01 | G14: 0.031806614 | H14: 2239 | I14: 100 | K14: 2.1413768 | L14: 23551.93 | M14: 765 | N14: 26.0667 | O14: 50.5577 | P14: =VLOOKUP(A14, imports_filtered!$A$2:$C$1000, 2, 0) -> -53.430627
A15: Bangladesh | B15: 2019 | C15: 2916.3176 | D15: 90739.998 | E15: 78.37 | F15: 1.14 | G15: 1.4337819 | H15: 1265 | I15: 92.2 | J15: 0.6751287 | K15: 8.1526841 | L15: 1855.7401 | M15: 148460 | N15: 23.684994 | O15: 90.356331 | P15: =VLOOKUP(A15, imports_filtered!$A$2:$C$1000, 2, 0) -> 30.297494
A16: Barbados | B16: 2019 | C16: 25172.027 | D16: 1250 | E16: 0.98 | F16: 0.04 | G16: 3.9215686 | H16: 668 | I16: 100 | K16: -0.096135553 | L16: 18148.498 | M16: 430 | N16: 13.193887 | O16: -59.543198 | P16: =VLOOKUP(A16, imports_filtered!$A$2:$C$1000, 2, 0) -> #N/A
A17: Belarus | B17: 2019 | C17: 31923.436 | D17: 57669.998 | E17: 36.74 | F17: 0.94 | G17: 2.494692 | H17: 47 | I17: 100 | J17: 0.70776963 | K17: 1.4 | L17: 6837.7178 | M17: 207600 | N17: 53.709807 | O17: 27.953389 | P17: =VLOOKUP(A17, imports_filtered!$A$2:$C$1000, 2, 0) -> 85.255535
A18: Belgium | B18: 2019 | C18: 64152.26 | D18: 93010.002 | E18: 29.32 | F18: 19.47 | G18: 68.237465 | H18: 383 | I18: 100 | J18: 7.959382 | K18: 2.1495597 | L18: 46591.492 | M18: 30528 | N18: 50.503887 | O18: 4.469936 | P18: =VLOOKUP(A18, imports_filtered!$A$2:$C$1000, 2, 0) -> 90.930226
A19: Belize | B19: 2019 | C19: 9883.737 | D19: 639.99999 | E19: 0.41 | F19: 0.47 | G19: 53.409092 | H19: 17 | I19: 92.72 | K19: 1.7627979 | L19: 5078.8099 | M19: 22966 | N19: 17.189877 | O19: -88.49765 | P19: =VLOOKUP(A19, imports_filtered!$A$2:$C$1000, 2, 0) -> #N/A
A20: Benin | B20: 2019 | C20: 2416.162 | D20: 7300.0002 | E20: 0.19 | F20: 0.01 | G20: 5 | H20: 108 | I20: 40.32869 | K20: 6.8656873 | L20: 1219.5155 | M20: 112622 | N20: 9.30769 | O20: 2.315834 | P20: =VLOOKUP(A20, imports_filtered!$A$2:$C$1000, 2, 0) -> 46.041641
A21: Bermuda | B21: 2019 | C21: 50639.293 | E21: 0 | F21: 0 | H21: 1281 | I21: 100 | K21: 0.45988994 | L21: 117098.45 | M21: 54 | N21: 32.299507 | O21: -64.790337 | P21: =VLOOKUP(A21, imports_filtered!$A$2:$C$1000, 2, 0) -> #N/A
A22: Bhutan | B22: 2019 | C22: 27251.602 | D22: 1050 | E22: 0 | F22: 8.95 | G22: 100 | H22: 20 | I22: 100 | K22: 5.75517 | L22: 3322.8633 | M22: 38394 | N22: 27.514162 | O22: 90.433601 | P22: =VLOOKUP(A22, imports_filtered!$A$2:$C$1000, 2, 0) -> #N/A
A23: Bosnia and Herzegovina | B23: 2019 | C23: 20694.338 | D23: 21070 | E23: 10.36 | F23: 6.31 | G23: 37.85243 | H23: 64 | I23: 100 | K23: 2.8310026 | L23: 6119.7623 | M23: 51197 | N23: 43.915886 | O23: 17.679076 | P23: =VLOOKUP(A23, imports_filtered!$A$2:$C$1000, 2, 0) -> 27.394097
A24: Botswana | B24: 2019 | C24: 9467.984 | D24: 7250 | E24: 3.05 | F24: 0.01 | G24: 0.3267974 | H24: 4 | I24: 69.95974 | K24: 2.9927376 | L24: 7203.0642 | M24: 581730 | N24: -22.328474 | O24: 24.684866 | P24: =VLOOKUP(A24, imports_filtered!$A$2:$C$1000, 2, 0) -> 33.186239
A25: Brazil | B25: 2019 | C25: 16681.945 | D25: 434299.99 | E25: 90.91 | F25: 512.59 | G25: 85.30534 | H25: 25 | I25: 99.8 | J25: 47.304844 | K25: 1.411153 | L25: 8897.553 | M25: 8515770 | N25: -14.235004 | O25: -51.92528 | P25: =VLOOKUP(A25, imports_filtered!$A$2:$C$1000, 2, 0) -> -4.0596361
A26: Bulgaria | B26: 2019 | C26: 29996.027 | D26: 39139.999 | E26: 19.75 | F26: 7.49 | G26: 54.908676 | H26: 64 | I26: 100 | J26: 9.948385 | K26: 4.0375921 | L26: 9879.2685 | M26: 110879 | N26: 42.733883 | O26: 25.48583 | P26: =VLOOKUP(A26, imports_filtered!$A$2:$C$1000, 2, 0) -> 39.323183
A27: Burkina Faso | B27: 2019 | C27: 946.95734 | D27: 5000 | E27: 1.51 | F27: 0.21 | G27: 12.209302 | H27: 76 | I27: 18.374855 | K27: 5.6881151 | L27: 796.11521 | M27: 274200 | N27: 12.238333 | O27: -1.561593 | P27: =VLOOKUP(A27, imports_filtered!$A$2:$C$1000, 2, 0) -> #N/A
A28: Burundi | B28: 2019 | C28: 309.34055 | D28: 720.00003 | E28: 0.12 | F28: 0.24 | G28: 66.666664 | H28: 463 | I28: 11.356528 | K28: 1.8424767 | L28: 228.21359 | M28: 27830 | N28: -3.373056 | O28: 29.918886 | P28: =VLOOKUP(A28, imports_filtered!$A$2:$C$1000, 2, 0) -> #N/A
A29: Cambodia | B29: 2019 | C29: 4069.4607 | D29: 16180 | E29: 3.94 | F29: 4.51 | G29: 53.372787 | H29: 95 | I29: 84 | K29: 7.0541069 | L29: 1643.1214 | M29: 181035 | N29: 12.565679 | O29: 104.99096 | P29: =VLOOKUP(A29, imports_filtered!$A$2:$C$1000, 2, 0) -> 0
A30: Cameroon | B30: 2019 | C30: 1720.2494 | D30: 9430.0003 | E30: 2.99 | F30: 5.36 | G30: 64.19161 | H30: 56 | I30: 63.48988 | K30: 3.47506 | L30: 1533.0957 | M30: 475440 | N30: 7.369722 | O30: 12.354722 | P30: =VLOOKUP(A30, imports_filtered!$A$2:$C$1000, 2, 0) -> -31.903384
A31: Canada | B31: 2019 | C31: 107980.76 | D31: 580210.02 | E31: 110.65 | F31: 421.8 | G31: 82.378334 | H31: 4 | I31: 100 | J31: 28.586376 | K31: 1.879592 | L31: 46338.341 | M31: 9984670 | N31: 56.130366 | O31: -106.34677 | P31: =VLOOKUP(A31, imports_filtered!$A$2:$C$1000, 2, 0) -> -75.769176
A32: Cayman Islands | B32: 2019 | C32: 50531.71 | E32: 0.68 | F32: 0.02 | G32: 2.857143 | H32: 274 | I32: 100 | K32: 3.8171004 | L32: 91392.643 | M32: 264 | N32: 19.3299 | O32: 81.2524 | P32: =VLOOKUP(A32, imports_filtered!$A$2:$C$1000, 2, 0) -> #N/A
A33: Central African Republic | B33: 2019 | C33: 299.18008 | D33: 239.99999 | E33: 0 | F33: 0.15 | G33: 100 | H33: 8 | I33: 14.3 | K33: 3 | L33: 467.90803 | M33: 622984 | N33: 6.611111 | O33: 20.939444 | P33: =VLOOKUP(A33, imports_filtered!$A$2:$C$1000, 2, 0) -> #N/A
A34: Chad | B34: 2019 | C34: 458.18085 | D34: 2250 | E34: 0.3 | F34: 0.01 | G34: 3.2258065 | H34: 13 | I34: 8.4 | K34: 3.2471819 | L34: 709.54004 | M34: 1284000 | N34: 15.454166 | O34: 18.732207 | P34: =VLOOKUP(A34, imports_filtered!$A$2:$C$1000, 2, 0) -> -204.99154
A35: Chile | B35: 2019 | C35: 24894.514 | D35: 91370.003 | E35: 45.16 | F35: 32.23 | G35: 41.64621 | H35: 26 | I35: 100 | J35: 24.144995 | K35: 0.94200531 | L35: 14741.714 | M35: 756096 | N35: -35.675147 | O35: -71.542969 | P35: =VLOOKUP(A35, imports_filtered!$A$2:$C$1000, 2, 0) -> 69.225887
A36: China | B36: 2019 | C36: 28277.445 | D36: 10707220 | E36: 5098.22 | F36: 2014.57 | G36: 31.672895 | H36: 153 | I36: 100 | J36: 13.51596 | K36: 5.9497142 | L36: 10143.838 | M36: 9596960 | N36: 35.86166 | O36: 104.1954 | P36: =VLOOKUP(A36, imports_filtered!$A$2:$C$1000, 2, 0) -> 22.220974
A37: Colombia | B37: 2019 | C37: 11221.787 | D37: 81040.001 | E37: 23.84 | F37: 54.31 | G37: 69.49456 | H37: 46 | I37: 99.75592 | J37: 29.890343 | K37: 3.2811168 | L37: 6424.9795 | M37: 1138910 | N37: 4.570868 | O37: -74.297333 | P37: =VLOOKUP(A37, imports_filtered!$A$2:$C$1000, 2, 0) -> -181.41411
A38: Comoros | B38: 2019 | C38: 1685.7296 | D38: 319.99999 | E38: 0.1 | F38: 0 | G38: 0 | H38: 467 | I38: 84.297775 | K38: 1.7553283 | L38: 1401.5423 | M38: 2235 | N38: -11.6455 | O38: 43.3333 | P38: =VLOOKUP(A38, imports_filtered!$A$2:$C$1000, 2, 0) -> #N/A
A39: Congo | B39: 2019 | C39: 2873.82 | E39: 2.72 | F39: 0.94 | G39: 25.68306 | H39: 18 | I39: 48.407475 | M39: 2345409 | N39: -4.1128 | O39: 13.7289 | P39: =VLOOKUP(A39, imports_filtered!$A$2:$C$1000, 2, 0) -> #N/A
A40: Costa Rica | B40: 2019 | C40: 13012.45 | D40: 8239.9998 | E40: 0.25 | F40: 11.18 | G40: 97.81277 | H40: 100 | I40: 99.71 | K40: 2.2563151 | L40: 12693.828 | M40: 51100 | N40: 9.748917 | O40: -83.753428 | P40: =VLOOKUP(A40, imports_filtered!$A$2:$C$1000, 2, 0) -> 57.963811
A41: Croatia | B41: 2019 | C41: 23200.729 | D41: 16520 | E41: 4.31 | F41: 8.35 | G41: 65.95577 | H41: 73 | I41: 100 | J41: 23.463097 | K41: 3.4819456 | L41: 15311.767 | M41: 56594 | N41: 45.1 | O41: 15.2 | P41: =VLOOKUP(A41, imports_filtered!$A$2:$C$1000, 2, 0) -> 57.796268
A42: Cuba | B42: 2019 | C42: 9606.213 | D42: 25910 | E42: 16.54 | F42: 2.99 | G42: 15.309779 | H42: 106 | I42: 99.8 | K42: -0.16483998 | L42: 9125.8787 | M42: 110860 | N42: 21.521757 | O42: -77.781167 | P42: =VLOOKUP(A42, imports_filtered!$A$2:$C$1000, 2, 0) -> 52.813625
A43: Cyprus | B43: 2019 | C43: 26442.418 | D43: 7190.0001 | E43: 4.63 | F43: 0.52 | G43: 10.097087 | H43: 131 | I43: 100 | J43: 4.2749753 | K43: 5.2831874 | L43: 29206.077 | M43: 9251 | N43: 35.126413 | O43: 33.429859 | P43: =VLOOKUP(A43, imports_filtered!$A$2:$C$1000, 2, 0) -> 0
A44: Czechia | B44: 2019 | C44: 45355.285 | D44: 96290.001 | E44: 45.44 | F44: 10.08 | G44: 47.021107 | H44: 136 | I44: 100 | J44: 6.1152124 | M44: 78871 | N44: 49.817492 | O44: 15.472962 | P44: =VLOOKUP(A44, imports_filtered!$A$2:$C$1000, 2, 0) -> #N/A
A45: Denmark | B45: 2019 | C45: 33139.277 | D45: 29700.001 | E45: 6.44 | F45: 23.07 | G45: 78.17689 | H45: 137 | I45: 100 | J45: 32.79566 | K45: 2.1146642 | L45: 59775.735 | M45: 43094 | N45: 56.26392 | O45: 9.501785 | P45: =VLOOKUP(A45, imports_filtered!$A$2:$C$1000, 2, 0) -> 43.767617
A46: Djibouti | B46: 2019 | C46: 2848.7866 | D46: 419.99999 | E46: 0.06 | F46: 0 | G46: 0 | H46: 43 | I46: 61.21193 | K46: 7.7704973 | L46: 3414.9162 | M46: 23200 | N46: 11.825138 | O46: 42.590275 | P46: =VLOOKUP(A46, imports_filtered!$A$2:$C$1000, 2, 0) -> #N/A
A47: Dominica | B47: 2019 | C47: 11049.87 | D47: 170 | E47: 0.07 | F47: 0.02 | G47: 22.222221 | H47: 96 | I47: 100 | K47: 7.5713916 | L47: 8516.28 | M47: 751 | N47: 15.414999 | O47: -61.370976 | P47: =VLOOKUP(A47, imports_filtered!$A$2:$C$1000, 2, 0) -> #N/A
A48: Dominican Republic | B48: 2019 | C48: 11098.332 | D48: 27230 | E48: 16.91 | F48: 2.36 | G48: 12.247015 | H48: 225 | I48: 99 | K48: 5.052168 | L48: 8282.1171 | M48: 48670 | N48: 18.735693 | O48: -70.162651 | P48: =VLOOKUP(A48, imports_filtered!$A$2:$C$1000, 2, 0) -> 93.940654
A49: Ecuador | B49: 2019 | C49: 12160.402 | D49: 39290.001 | E49: 7.09 | F49: 25.2 | G49: 78.04273 | H49: 71 | I49: 99.09 | J49: 31.76902 | K49: 0.012105103 | L49: 6222.5247 | M49: 283561 | N49: -1.831239 | O49: -78.183406 | P49: =VLOOKUP(A49, imports_filtered!$A$2:$C$1000, 2, 0) -> -95.754232
A50: Egypt | B50: 2019 | C50: 9919.544 | E50: 173.86 | F50: 20.75 | G50: 10.662351 | H50: 103 | I50: 100 | J50: 5.1698976 | M50: 1001450 | N50: 26.820553 | O50: 30.802498 | P50: =VLOOKUP(A50, imports_filtered!$A$2:$C$1000, 2, 0) -> #N/A
A51: El Salvador | B51: 2019 | C51: 7271.5205 | D51: 7800.0002 | E51: 1.84 | F51: 4.15 | G51: 69.28214 | H51: 313 | I51: 97.36 | K51: 2.3825814 | L51: 4167.7309 | M51: 21041 | N51: 13.794185 | O51: -88.89653 | P51: =VLOOKUP(A51, imports_filtered!$A$2:$C$1000, 2, 0) -> 61.322795
A52: Equatorial Guinea | B52: 2019 | C52: 17644.693 | D52: 5349.9999 | E52: 0.95 | F52: 0.45 | G52: 32.142857 | H52: 50 | I52: 66.600044 | K52: -5.9789369 | L52: 8419.9333 | M52: 28051 | N52: 1.650801 | O52: 10.267895 | P52: =VLOOKUP(A52, imports_filtered!$A$2:$C$1000, 2, 0) -> #N/A
A53: Eritrea | B53: 2019 | C53: 936.4785 | D53: 880 | E53: 0.43 | F53: 0.01 | G53: 2.2727273 | H53: 35 | I53: 50.936993 | M53: 117600 | N53: 15.179384 | O53: 39.782334 | P53: =VLOOKUP(A53, imports_filtered!$A$2:$C$1000, 2, 0) -> 0
A54: Estonia | B54: 2019 | C54: 47295.336 | D54: 10180 | E54: 5.47 | F54: 2.14 | G54: 28.120895 | H54: 31 | I54: 100 | J54: 9.91299 | K54: 4.0963426 | L54: 23397.12 | M54: 45228 | N54: 58.595272 | O54: 25.013607 | P54: =VLOOKUP(A54, imports_filtered!$A$2:$C$1000, 2, 0) -> 5.117667
A55: Eswatini | B55: 2019 | C55: 5780.252 | D55: 959.99998 | E55: 0.04 | F55: 0.67 | G55: 94.3662 | H55: 67 | I55: 76.86944 | K55: 2.6130353 | L55: 3915.6435 | M55: 17364 | N55: -26.522503 | O55: 31.465866 | P55: =VLOOKUP(A55, imports_filtered!$A$2:$C$1000, 2, 0) -> 31.47877
A56: Ethiopia | B56: 2019 | C56: 921.99115 | D56: 18360.001 | E56: 0.01 | F56: 14.22 | G56: 99.929726 | H56: 115 | I56: 48.06359 | K56: 8.3640857 | L56: 855.76089 | M56: 1104300 | N56: 9.145 | O56: 40.489673 | P56: =VLOOKUP(A56, imports_filtered!$A$2:$C$1000, 2, 0) -> #N/A
A57: Fiji | B57: 2019 | C57: 9417.632 | D57: 1630 | E57: 0.42 | F57: 0.71 | G57: 62.83186 | H57: 49 | I57: 99.71588 | K57: -0.44556304 | L57: 6175.8907 | M57: 18274 | N57: -17.713371 | O57: 178.06503 | P57: =VLOOKUP(A57, imports_filtered!$A$2:$C$1000, 2, 0) -> #N/A
A58: Finland | B58: 2019 | C58: 59219.418 | D58: 40709.999 | E58: 12.63 | F58: 31.88 | G58: 81.52969 | H58: 18 | I58: 100 | J58: 29.214561 | K58: 1.2207541 | L58: 48628.642 | M58: 338145 | N58: 61.92411 | O58: 25.748151 | P58: =VLOOKUP(A58, imports_filtered!$A$2:$C$1000, 2, 0) -> 44.40371
A59: France | B59: 2019 | C59: 42326.785 | D59: 300519.99 | E59: 53.5 | F59: 113.21 | G59: 90.54302 | H59: 119 | I59: 100 | J59: 12.384905 | K59: 1.8429718 | L59: 40578.644 | M59: 643801 | N59: 46.227638 | O59: 2.213749 | P59: =VLOOKUP(A59, imports_filtered!$A$2:$C$1000, 2, 0) -> 49.706521
A60: Gabon | B60: 2019 | C60: 7427.6616 | D60: 5250 | E60: 1.25 | F60: 1.01 | G60: 44.690266 | H60: 9 | I60: 90.726295 | K60: 3.9208088 | L60: 7766.9966 | M60: 267667 | N60: -0.803689 | O60: 11.609444 | P60: =VLOOKUP(A60, imports_filtered!$A$2:$C$1000, 2, 0) -> -210.2251
A61: Gambia | B61: 2019 | C61: 972.6679 | E61: 0.3 | F61: 0 | G61: 0 | H61: 239 | I61: 62.1 | M61: 11300 | N61: 13.466666 | O61: -16.566667 | P61: =VLOOKUP(A61, imports_filtered!$A$2:$C$1000, 2, 0) -> #N/A
A62: Georgia | B62: 2019 | C62: 19659.346 | D62: 10110 | E62: 2.67 | F62: 8.93 | G62: 76.98276 | H62: 57 | I62: 100 | K62: 4.9823505 | L62: 4697.9837 | M62: 69700 | N62: 42.315407 | O62: 43.356892 | P62: =VLOOKUP(A62, imports_filtered!$A$2:$C$1000, 2, 0) -> 80.722389
A63: Germany | B63: 2019 | C63: 44467.746 | D63: 657400.02 | E63: 284.09 | F63: 240.33 | G63: 52.611385 | H63: 240 | I63: 100 | J63: 18.768305 | K63: 1.0555082 | L63: 46794.899 | M63: 357022 | N63: 51.165691 | O63: 10.451526 | P63: =VLOOKUP(A63, imports_filtered!$A$2:$C$1000, 2, 0) -> 69.924001
A64: Ghana | B64: 2019 | C64: 3135.595 | D64: 20040.001 | E64: 9.37 | F64: 7.32 | G64: 43.858597 | H64: 137 | I64: 83.5 | K64: 6.5077748 | L64: 2246.6256 | M64: 238533 | N64: 7.946527 | O64: -1.023194 | P64: =VLOOKUP(A64, imports_filtered!$A$2:$C$1000, 2, 0) -> -43.168048
A65: Greece | B65: 2019 | C65: 29966.309 | D65: 60000 | E65: 32.48 | F65: 16.1 | G65: 33.14121 | H65: 81 | I65: 100 | J65: 13.694194 | K65: 1.8035953 | L65: 19133.758 | M65: 131957 | N65: 39.074208 | O65: 21.824312 | P65: =VLOOKUP(A65, imports_filtered!$A$2:$C$1000, 2, 0) -> 87.498999
A66: Grenada | B66: 2019 | C66: 10655.754 | D66: 330.00001 | E66: 0.21 | F66: 0 | G66: 0 | H66: 331 | I66: 93.120964 | K66: 0.7355827 | L66: 10827.435 | M66: 349 | N66: 12.1165 | O66: -61.679 | P66: =VLOOKUP(A66, imports_filtered!$A$2:$C$1000, 2, 0) -> #N/A
A67: Guatemala | B67: 2019 | C67: 5851.735 | D67: 19309.999 | E67: 5.51 | F67: 8.3 | G67: 60.101376 | H67: 167 | I67: 95.742004 | K67: 3.8668566 | L67: 4638.6349 | M67: 108889 | N67: 15.783471 | O67: -90.230759 | P67: =VLOOKUP(A67, imports_filtered!$A$2:$C$1000, 2, 0) -> 42.437555
A68: Guinea | B68: 2019 | C68: 1201.7898 | D68: 3950 | E68: 0.75 | F68: 1.31 | G68: 63.592236 | H68: 53 | I68: 42.2 | K68: 5.6461756 | L68: 1058.1434 | M68: 245857 | N68: 9.945587 | O68: -9.696645 | P68: =VLOOKUP(A68, imports_filtered!$A$2:$C$1000, 2, 0) -> #N/A
A69: Guinea-Bissau | B69: 2019 | C69: 703.1273 | D69: 330.00001 | E69: 0.08 | F69: 0 | G69: 0 | H69: 70 | I69: 30.961557 | K69: 4.5 | L69: 749.45375 | M69: 36125 | N69: 11.803749 | O69: -15.180413 | P69: =VLOOKUP(A69, imports_filtered!$A$2:$C$1000, 2, 0) -> #N/A
A70: Guyana | B70: 2019 | C70: 14184.612 | D70: 2849.9999 | E70: 1.06 | F70: 0.16 | G70: 13.114754 | H70: 4 | I70: 91.91576 | K70: 5.3526274 | L70: 6609.5113 | M70: 214969 | N70: 4.860416 | O70: -58.93018 | P70: =VLOOKUP(A70, imports_filtered!$A$2:$C$1000, 2, 0) -> #N/A
A71: Haiti | B71: 2019 | C71: 1184.3462 | D71: 3319.9999 | E71: 0.85 | F71: 0.17 | G71: 16.666666 | H71: 414 | I71: 45.990234 | K71: -1.6845951 | L71: 1312.7706 | M71: 27750 | N71: 18.971187 | O71: -72.285215 | P71: =VLOOKUP(A71, imports_filtered!$A$2:$C$1000, 2, 0) -> #N/A
A72: Honduras | B72: 2019 | C72: 5640.568 | D72: 10220 | E72: 5.39 | F72: 5.73 | G72: 51.528778 | H72: 89 | I72: 91.1 | K72: 2.6530663 | L72: 2556.4569 | M72: 112090 | N72: 15.199999 | O72: -86.241905 | P72: =VLOOKUP(A72, imports_filtered!$A$2:$C$1000, 2, 0) -> 54.048181
A73: Hungary | B73: 2019 | C73: 28131.205 | D73: 46380.001 | E73: 13.2 | F73: 4.7 | G73: 61.392223 | H73: 107 | I73: 100 | J73: 4.9454613 | K73: 4.5540631 | L73: 16735.66 | M73: 93028 | N73: 47.162494 | O73: 19.503304 | P73: =VLOOKUP(A73, imports_filtered!$A$2:$C$1000, 2, 0) -> 69.812667
A74: Iceland | B74: 2019 | C74: 175527.73 | D74: 1640 | E74: 0 | F74: 19.12 | G74: 100 | H74: 3 | I74: 100 | J74: 80.09719 | K74: 2.434823 | L74: 68941.462 | M74: 103000 | N74: 64.963051 | O74: -19.020835 | P74: =VLOOKUP(A74, imports_filtered!$A$2:$C$1000, 2, 0) -> 0
A75: India | B75: 2019 | C75: 6731.805 | D75: 2456300 | E75: 1273.59 | F75: 303.16 | G75: 21.475914 | H75: 464 | I75: 97.308266 | J75: 8.849619 | K75: 4.0415542 | L75: 2100.7515 | M75: 3287263 | N75: 20.593684 | O75: 78.96288 | P75: =VLOOKUP(A75, imports_filtered!$A$2:$C$1000, 2, 0) -> 39.299698
A76: Indonesia | B76: 2019 | C76: 8474.4795 | D76: 619840.03 | E76: 247.39 | F76: 48.04 | G76: 16.261044 | H76: 151 | I76: 98.85 | J76: 7.870309 | K76: 5.0181597 | L76: 4135.2015 | M76: 1904569 | N76: -0.789275 | O76: 113.92133 | P76: =VLOOKUP(A76, imports_filtered!$A$2:$C$1000, 2, 0) -> -99.181649
A77: Iraq | B77: 2019 | C77: 15430.376 | D77: 174560 | E77: 83.85 | F77: 5.34 | G77: 5.987218 | H77: 93 | I77: 99.992004 | J77: 2.2772882 | K77: 5.9573275 | L77: 5980.6269 | M77: 438317 | N77: 33.223191 | O77: 43.679291 | P77: =VLOOKUP(A77, imports_filtered!$A$2:$C$1000, 2, 0) -> -357.47164
A78: Ireland | B78: 2019 | C78: 38270.875 | D78: 35750 | E78: 18.92 | F78: 11.8 | G78: 38.41146 | H78: 73 | I78: 100 | J78: 16.911177 | K78: 4.917007 | L78: 80886.616 | M78: 84421 | N78: 53.41291 | O78: -8.24389 | P78: =VLOOKUP(A78, imports_filtered!$A$2:$C$1000, 2, 0) -> 75.413816
A79: Israel | B79: 2019 | C79: 35085.457 | D79: 62650.002 | E79: 68.82 | F79: 2.9 | G79: 4.0435023 | H79: 400 | I79: 100 | J79: 2.9192069 | K79: 3.7735898 | L79: 43951.248 | M79: 20770 | N79: 31.046051 | O79: 34.851612 | P79: =VLOOKUP(A79, imports_filtered!$A$2:$C$1000, 2, 0) -> 70.734379
A80: Italy | B80: 2019 | C80: 30464.062 | D80: 317239.99 | E80: 175.52 | F80: 115.83 | G80: 39.756306 | H80: 206 | I80: 100 | J80: 17.93995 | K80: 0.41027829 | L80: 33641.634 | M80: 301340 | N80: 41.87194 | O80: 12.56738 | P80: =VLOOKUP(A80, imports_filtered!$A$2:$C$1000, 2, 0) -> 82.227964
A81: Jamaica | B81: 2019 | C81: 15387.241 | D81: 8390.0003 | E81: 3.6 | F81: 0.65 | G81: 15.294118 | H81: 273 | I81: 99.36762 | K81: 0.89229165 | L81: 5369.4984 | M81: 10991 | N81: 18.109581 | O81: -77.297508 | P81: =VLOOKUP(A81, imports_filtered!$A$2:$C$1000, 2, 0) -> 111.27757
A82: Japan | B82: 2019 | C82: 40868.688 | D82: 1081569.9 | E82: 735.66 | F82: 192.72 | G82: 25.860157 | H82: 347 | I82: 100 | J82: 9.565927 | K82: 0.27030465 | L82: 40777.609 | M82: 377944 | N82: 36.204824 | O82: 138.25292 | P82: =VLOOKUP(A82, imports_filtered!$A$2:$C$1000, 2, 0) -> 90.559033
A83: Jordan | B83: 2019 | C83: 11258.242 | D83: 24629.999 | E83: 16.41 | F83: 3.02 | G83: 15.542974 | H83: 115 | I83: 100 | K83: 1.9554664 | L83: 4405.4871 | M83: 89342 | N83: 30.585164 | O83: 36.238414 | P83: =VLOOKUP(A83, imports_filtered!$A$2:$C$1000, 2, 0) -> 98.830745
A84: Kazakhstan | B84: 2019 | C84: 43404.29 | D84: 212110 | E84: 95.39 | F84: 11.09 | G84: 10.415101 | H84: 7 | I84: 100 | J84: 3.468928 | K84: 4.5 | L84: 9812.5958 | M84: 2724900 | N84: 48.019573 | O84: 66.923684 | P84: =VLOOKUP(A84, imports_filtered!$A$2:$C$1000, 2, 0) -> -129.4511
A85: Kenya | B85: 2019 | C85: 1946.3412 | D85: 22280.001 | E85: 1.25 | F85: 10.24 | G85: 89.12098 | H85: 94 | I85: 69.7 | K85: 4.9811326 | L85: 1912.6479 | M85: 580367 | N85: -0.023559 | O85: 37.906193 | P85: =VLOOKUP(A85, imports_filtered!$A$2:$C$1000, 2, 0) -> 22.909546
A86: Kiribati | B86: 2019 | C86: 2592.4326 | D86: 90.000004 | E86: 0.03 | F86: 0 | G86: 0 | H86: 147 | I86: 90.03285 | K86: 3.9264454 | L86: 1601.8619 | M86: 811 | N86: 1.8368976 | O86: -157.37683 | P86: =VLOOKUP(A86, imports_filtered!$A$2:$C$1000, 2, 0) -> #N/A
A87: Kuwait | B87: 2019 | C87: 94612.555 | D87: 92650.002 | E87: 70.45 | F87: 0.06 | G87: 0.08509431 | H87: 240 | I87: 100 | J87: 0.034184188 | K87: 0.42746394 | L87: 32373.251 | M87: 17818 | N87: 29.31166 | O87: 47.481766 | P87: =VLOOKUP(A87, imports_filtered!$A$2:$C$1000, 2, 0) -> -338.02166
A88: Kyrgyzstan | B88: 2019 | C88: 10582.124 | E88: 1.13 | F88: 13.71 | G88: 92.385445 | H88: 34 | I88: 99.87424 | M88: 199951 | N88: 41.20438 | O88: 74.766098 | P88: =VLOOKUP(A88, imports_filtered!$A$2:$C$1000, 2, 0) -> #N/A
A89: Latvia | B89: 2019 | C89: 23394.7 | D89: 7570.0002 | E89: 3.25 | F89: 3.19 | G89: 49.53416 | H89: 30 | I89: 100 | J89: 19.92988 | K89: 2.4843264 | L89: 17926.842 | M89: 64589 | N89: 56.879635 | O89: 24.603189 | P89: =VLOOKUP(A89, imports_filtered!$A$2:$C$1000, 2, 0) -> 48.418637
A90: Lebanon | B90: 2019 | C90: 18447.385 | D90: 27950.001 | E90: 19.24 | F90: 1.12 | G90: 5.5009823 | H90: 667 | I90: 99.97487 | K90: -7.1572471 | L90: 7578.1724 | M90: 10400 | N90: 33.854721 | O90: 35.862285 | P90: =VLOOKUP(A90, imports_filtered!$A$2:$C$1000, 2, 0) -> 100.20603
A91: Lesotho | B91: 2019 | C91: 2188.859 | D91: 769.99998 | E91: 0 | F91: 0.5 | G91: 100 | H91: 71 | I91: 44.50021 | K91: -0.38143198 | L91: 1113.3721 | M91: 30355 | N91: -29.609988 | O91: 28.233608 | P91: =VLOOKUP(A91, imports_filtered!$A$2:$C$1000, 2, 0) -> #N/A
A92: Liberia | B92: 2019 | C92: 1100.8312 | D92: 1179.9999 | E92: 0.31 | F92: 0 | G92: 0 | H92: 53 | I92: 23.1 | K92: -2.4672976 | L92: 672.3405 | M92: 111369 | N92: 6.428055 | O92: -9.429499 | P92: =VLOOKUP(A92, imports_filtered!$A$2:$C$1000, 2, 0) -> #N/A
A93: Libya | B93: 2019 | C93: 32421.873 | D93: 56799.999 | E93: 31.68 | F93: 0.01 | G93: 0.031555694 | H93: 4 | I93: 68.6424 | K93: 2.5359535 | L93: 7685.9481 | M93: 1759540 | N93: 26.3351 | O93: 17.228331 | P93: =VLOOKUP(A93, imports_filtered!$A$2:$C$1000, 2, 0) -> -228.66016
A94: Lithuania | B94: 2019 | C94: 24873.117 | D94: 11730 | E94: 0.67 | F94: 2.47 | G94: 78.662415 | H94: 43 | I94: 100 | J94: 9.697966 | K94: 4.5737717 | L94: 19575.768 | M94: 65300 | N94: 55.169438 | O94: 23.881275 | P94: =VLOOKUP(A94, imports_filtered!$A$2:$C$1000, 2, 0) -> 79.092858
A95: Luxembourg | B95: 2019 | C95: 76273.7 | D95: 9489.9998 | E95: 0.27 | F95: 0.8 | G95: 74.76635 | H95: 242 | I95: 100 | J95: 4.7653427 | K95: 3.2838068 | L95: 113218.71 | M95: 2586 | N95: 49.815273 | O95: 6.129583 | P95: =VLOOKUP(A95, imports_filtered!$A$2:$C$1000, 2, 0) -> 109.51478
A96: Madagascar | B96: 2019 | C96: 678.70404 | D96: 4119.9999 | E96: 1.1 | F96: 0.91 | G96: 45.273632 | H96: 48 | I96: 31.04 | K96: 4.4112321 | L96: 522.98952 | M96: 587041 | N96: -18.766947 | O96: 46.869107 | P96: =VLOOKUP(A96, imports_filtered!$A$2:$C$1000, 2, 0) -> 0
A97: Malawi | B97: 2019 | C97: 537.8198 | D97: 1450 | E97: 0.2 | F97: 1.5 | G97: 88.23529 | H97: 203 | I97: 11.2 | K97: 5.4481813 | L97: 591.84639 | M97: 118484 | N97: -13.254308 | O97: 34.301525 | P97: =VLOOKUP(A97, imports_filtered!$A$2:$C$1000, 2, 0) -> #N/A
A98: Malaysia | B98: 2019 | C98: 37823.5 | D98: 253270 | E98: 149.7 | F98: 28.76 | G98: 16.115656 | H98: 99 | I98: 100 | J98: 6.1784086 | K98: 4.4394713 | L98: 11432.823 | M98: 329847 | N98: 4.210484 | O98: 101.97577 | P98: =VLOOKUP(A98, imports_filtered!$A$2:$C$1000, 2, 0) -> 0.41944177
A99: Maldives | B99: 2019 | C99: 18567.896 | D99: 2109.9999 | E99: 0.61 | F99: 0.03 | G99: 4.6875 | H99: 1802 | I99: 100 | K99: 6.8836888 | L99: 10561.614 | M99: 298 | N99: 3.202778 | O99: 73.22068 | P99: =VLOOKUP(A99, imports_filtered!$A$2:$C$1000, 2, 0) -> #N/A
A100: Mali | B100: 2019 | C100: 1231.7151 | D100: 5829.9999 | E100: 2.15 | F100: 1.17 | G100: 35.240963 | H100: 17 | I100: 47.836277 | K100: 4.7561608 | L100: 879.04319 | M100: 1240192 | N100: 17.570692 | O100: -3.996166 | P100: =VLOOKUP(A100, imports_filtered!$A$2:$C$1000, 2, 0) -> #N/A
...

Sheet imports_filtered
A1: Country Name | B1: 2019
A2: Albania | B2: 32.231803
A3: Algeria | B3: -133.35275
A4: Angola | B4: -488.93284
A5: Argentina | B5: 2.4916771
A6: Armenia | B6: 74.170785
A7: Australia | B7: -230.54025
A8: Austria | B8: 74.476282
A9: Azerbaijan | B9: -274.41746
A10: Bahrain | B10: -53.430627
A11: Bangladesh | B11: 30.297494
A12: Belarus | B12: 85.255535
A13: Belgium | B13: 90.930226
... A20: Bulgaria | B20: 39.323183
A21: Cambodia
A22: Cameroon | B22: -31.903384
A23: Canada | B23: -75.769176
A24: Chad | B24: -204.99154
A25: Chile | B25: 69.225887
A26: China | B26: 22.220974
A27: Colombia | B27: -181.41411
A28: Congo, Rep. | B28: -511.22993
A29: Costa Rica | B29: 57.963811
A30: Cote d'Ivoire | B30: 4.6010464
A31: Croatia | B31: 57.796268
A32: Cuba | B32: 52.813625
A33: Curaçao
A34: Cyprus
A35: Czech Republic | B35: 41.0173
A36: Denmark | B36: 43.767617
A37: Dominican Republic | B37: 93.940654
A38: Ecuador | B38: -95.754232
A39: Egypt, Arab Rep. | B39: -0.53103398
A40: El Salvador | B40: 61.322795
A41: Eritrea
A42: Estonia | B42: 5.117667
A43: Eswatini | B43: 31.47877
A44: Ethiopia(excludes Eritrea) | B44: 12.044912
A45: Finland | B45: 44.40371
A46: Fm Sudan | B46: 15.655636
A47: France | B47: 49.706521
A48: Gabon | B48: -210.2251
A49: Georgia | B49: 80.722389
A50: Germany | B50: 69.924001
A51: Ghana | B51: -43.168048
A52: Greece | B52: 87.498999
A53: Guatemala | B53: 42.437555
... A56: Hungary | B56: 69.812667
A57: Iceland
A58: India | B58: 39.299698
A59: Indonesia | B59: -99.181649
A60: Iran, Islamic Rep. | B60: -27.242127
A61: Iraq | B61: -357.47164
A62: Ireland | B62: 75.413816
A63: Israel | B63: 70.734379
A64: Italy | B64: 82.227964
A65: Jamaica | B65: 111.27757
A66: Japan | B66: 90.559033
A67: Jordan | B67: 98.830745
A68: Kazakhstan | B68: -129.4511
A69: Kenya | B69: 22.909546
... A78: Luxembourg | B78: 109.51478
A79: Madagascar
A80: Malaysia | B80: 0.41944177
A81: Malta | B81: 424.20782
A82: Mexico | B82: 18.29944
A83: Moldova | B83: 84.157587
A84: Mongolia | B84: -269.08596
A85: Morocco | B85: 92.427284
A86: Mozambique | B86: -82.456795
A87: Myanmar | B87: -23.663233
A88: Namibia | B88: 71.534119
A89: Nepal | B89: 26.828449
A90: Netherlands | B90: 78.25449
A91: New Zealand | B91: 31.844273
... A114: Spain | B114: 82.914058
A115: Sri Lanka
A116: Suriname | B116: 13.968746
A117: Sweden | B117: 32.019703
A118: Switzerland | B118: 55.40322
A119: Syrian Arab Republic | B119: 63.098757
A120: Tajikistan | B120: 28.436336
A121: Tanzania | B121: 13.136835
A122: Thailand | B122: 48.631212
A123: Togo
A124: Trinidad and Tobago | B124: -99.982964
A125: Tunisia | B125: 57.840138
A126: Turkey | B126: 72.197363
A127: Turkmenistan | B127: -242.60682
A128: Uganda | B128: 22.000515
A129: Ukraine | B129: 36.781687
A130: United Arab Emirates | B130: -157.25159
A131: United Kingdom | B131: 36.535601
A132: United States | B132: -0.89871637
A133: Uruguay | B133: 38.909068
A134: Uzbekistan | B134: -19.679857
A135: Venezuela | B135: -114.74842
... A139: Zimbabwe | B139: 21.200162

Sheet count_empty
A1: Entity | B1: Year | C1: Primary energy consumption per capita (kWh/person) | D1: Value_co2_emissions_kt_by_country | E1: Electricity from fossil fuels (TWh) | F1: Electricity from nuclear (TWh) | G1: Electricity from renewables (TWh) | H1: Low-carbon electricity (% electricity) | I1: Renewable-electricity-generating-capacity-per-capita | J1: Renewable energy share in the total final energy consumption (%) | K1: Density\n(P/Km2) | L1: Access to electricity (% of population) | M1: Access to clean fuels for cooking | N1: Renewables (% equivalent primary energy) | O1: Financial flows to developing countries (US $) | P1: gdp_growth | Q1: gdp_per_capita | R1: Energy intensity level of primary energy (MJ/$2017 PPP GDP) | S1: Land Area(Km2) | T1: Latitude | U1: Longitude
A2: =COUNTIF(energy!A:A, 0) + COUNTIF(energy!A:A, ЕПУСТО) -> 0 | B2: =COUNTIF(energy!B:B, 0) + COUNTIF(energy!B:B, ЕПУСТО) -> 0 | C2: =COUNTIF(energy!C:C, 0) + COUNTIF(energy!C:C, ЕПУСТО) -> 21 | D2: =COUNTIF(energy!D:D, 0) + COUNTIF(energy!D:D, ЕПУСТО) -> 0 | E2: =COUNTIF(energy!E:E, 0) + COUNTIF(energy!E:E, ЕПУСТО) -> 141 | F2: =COUNTIF(energy!F:F, 0) + COUNTIF(energy!F:F, ЕПУСТО) -> 2945 | G2: =COUNTIF(energy!G:G, 0) + COUNTIF(energy!G:G, ЕПУСТО) -> 639 | H2: =COUNTIF(energy!H:H, 0) + COUNTIF(energy!H:H, ЕПУСТО) -> 618 | I2: =COUNTIF(energy!I:I, 0) + COUNTIF(energy!I:I, ЕПУСТО) -> 229 | J2: =COUNTIF(energy!J:J, 0) + COUNTIF(energy!J:J, ЕПУСТО) -> 95 | K2: =COUNTIF(energy!K:K, 0) + COUNTIF(energy!K:K, ЕПУСТО) -> 0 | L2: =COUNTIF(energy!L:L, 0) + COUNTIF(energy!L:L, ЕПУСТО) -> 0 | M2: =COUNTIF(energy!M:M, 0) + COUNTIF(energy!M:M, ЕПУСТО) -> 8 | N2: =COUNTIF(energy!N:N, 0) + COUNTIF(energy!N:N, ЕПУСТО) -> 58 | O2: =COUNTIF(energy!O:O, 0) + COUNTIF(energy!O:O, ЕПУСТО) -> 25 | P2: =COUNTIF(energy!P:P, 0) + COUNTIF(energy!P:P, ЕПУСТО) -> 1 | Q2: =COUNTIF(energy!Q:Q, 0) + COUNTIF(energy!Q:Q, ЕПУСТО) -> 0 | R2: =COUNTIF(energy!R:R, 0) + COUNTIF(energy!R:R, ЕПУСТО) -> 0 | S2: =COUNTIF(energy!S:S, 0) + COUNTIF(energy!S:S, ЕПУСТО) -> 0 | T2: =COUNTIF(energy!T:T, 0) + COUNTIF(energy!T:T, ЕПУСТО) -> 0 | U2: =COUNTIF(energy!U:U, 0) + COUNTIF(energy!U:U, ЕПУСТО) -> 0
A5: =3600/20 -> 180
